"filename", "language", "TypeScript", "JSON", "Markdown", "JavaScript", "JSON with Comments", "HTML", "XML", "YAML", "TypeScript JSX", "CSS", "JavaScript JSX", "comment", "blank", "total"
"c:\usman\projects\iot-platform-frontend\iot-platform-frontend\.eslintrc.cjs", "JavaScript", 0, 0, 0, 20, 0, 0, 0, 0, 0, 0, 0, 0, 0, 20
"c:\usman\projects\iot-platform-frontend\iot-platform-frontend\.github\workflows\deploy.yml", "YAML", 0, 0, 0, 0, 0, 0, 0, 50, 0, 0, 0, 3, 6, 59
"c:\usman\projects\iot-platform-frontend\iot-platform-frontend\.prettierrc", "JSON", 0, 9, 0, 0, 0, 0, 0, 0, 0, 0, 0, 0, 0, 9
"c:\usman\projects\iot-platform-frontend\iot-platform-frontend\README.md", "Markdown", 0, 0, 112, 0, 0, 0, 0, 0, 0, 0, 0, 0, 32, 144
"c:\usman\projects\iot-platform-frontend\iot-platform-frontend\docs\TESTING.md", "Markdown", 0, 0, 170, 0, 0, 0, 0, 0, 0, 0, 0, 0, 48, 218
"c:\usman\projects\iot-platform-frontend\iot-platform-frontend\docs\auth-localization.md", "Markdown", 0, 0, 206, 0, 0, 0, 0, 0, 0, 0, 0, 0, 56, 262
"c:\usman\projects\iot-platform-frontend\iot-platform-frontend\docs\globals-css.md", "Markdown", 0, 0, 348, 0, 0, 0, 0, 0, 0, 0, 0, 0, 129, 477
"c:\usman\projects\iot-platform-frontend\iot-platform-frontend\docs\react-router-error-handling.md", "Markdown", 0, 0, 123, 0, 0, 0, 0, 0, 0, 0, 0, 0, 39, 162
"c:\usman\projects\iot-platform-frontend\iot-platform-frontend\docs\security-tab-radio-button-issue.md", "Markdown", 0, 0, 107, 0, 0, 0, 0, 0, 0, 0, 0, 0, 38, 145
"c:\usman\projects\iot-platform-frontend\iot-platform-frontend\docs\vite-config.md", "Markdown", 0, 0, 398, 0, 0, 0, 0, 0, 0, 0, 0, 0, 141, 539
"c:\usman\projects\iot-platform-frontend\iot-platform-frontend\eslint.config.js", "JavaScript", 0, 0, 0, 22, 0, 0, 0, 0, 0, 0, 0, 0, 2, 24
"c:\usman\projects\iot-platform-frontend\iot-platform-frontend\index.html", "HTML", 0, 0, 0, 0, 0, 28, 0, 0, 0, 0, 0, 0, 2, 30
"c:\usman\projects\iot-platform-frontend\iot-platform-frontend\package-lock.json", "JSON", 0, 8762, 0, 0, 0, 0, 0, 0, 0, 0, 0, 0, 1, 8763
"c:\usman\projects\iot-platform-frontend\iot-platform-frontend\package.json", "JSON", 0, 90, 0, 0, 0, 0, 0, 0, 0, 0, 0, 0, 1, 91
"c:\usman\projects\iot-platform-frontend\iot-platform-frontend\postcss.config.js", "JavaScript", 0, 0, 0, 5, 0, 0, 0, 0, 0, 0, 0, 0, 0, 5
"c:\usman\projects\iot-platform-frontend\iot-platform-frontend\public\locales\ar\common.json", "JSON", 0, 50, 0, 0, 0, 0, 0, 0, 0, 0, 0, 0, 0, 50
"c:\usman\projects\iot-platform-frontend\iot-platform-frontend\public\locales\ar\dashboard.json", "JSON", 0, 0, 0, 0, 0, 0, 0, 0, 0, 0, 0, 0, 1, 1
"c:\usman\projects\iot-platform-frontend\iot-platform-frontend\public\locales\ar\devices.json", "JSON", 0, 0, 0, 0, 0, 0, 0, 0, 0, 0, 0, 0, 1, 1
"c:\usman\projects\iot-platform-frontend\iot-platform-frontend\public\locales\ar\geoAnalytics.json", "JSON", 0, 40, 0, 0, 0, 0, 0, 0, 0, 0, 0, 0, 0, 40
"c:\usman\projects\iot-platform-frontend\iot-platform-frontend\public\locales\ar\rules.json", "JSON", 0, 0, 0, 0, 0, 0, 0, 0, 0, 0, 0, 0, 1, 1
"c:\usman\projects\iot-platform-frontend\iot-platform-frontend\public\locales\ar\users.json", "JSON", 0, 0, 0, 0, 0, 0, 0, 0, 0, 0, 0, 0, 1, 1
"c:\usman\projects\iot-platform-frontend\iot-platform-frontend\public\locales\en\common.json", "JSON", 0, 50, 0, 0, 0, 0, 0, 0, 0, 0, 0, 0, 0, 50
"c:\usman\projects\iot-platform-frontend\iot-platform-frontend\public\locales\en\dashboard.json", "JSON", 0, 0, 0, 0, 0, 0, 0, 0, 0, 0, 0, 0, 1, 1
"c:\usman\projects\iot-platform-frontend\iot-platform-frontend\public\locales\en\devices.json", "JSON", 0, 0, 0, 0, 0, 0, 0, 0, 0, 0, 0, 0, 1, 1
"c:\usman\projects\iot-platform-frontend\iot-platform-frontend\public\locales\en\geoAnalytics.json", "JSON", 0, 40, 0, 0, 0, 0, 0, 0, 0, 0, 0, 0, 0, 40
"c:\usman\projects\iot-platform-frontend\iot-platform-frontend\public\locales\en\rules.json", "JSON", 0, 0, 0, 0, 0, 0, 0, 0, 0, 0, 0, 0, 1, 1
"c:\usman\projects\iot-platform-frontend\iot-platform-frontend\public\locales\en\users.json", "JSON", 0, 0, 0, 0, 0, 0, 0, 0, 0, 0, 0, 0, 1, 1
"c:\usman\projects\iot-platform-frontend\iot-platform-frontend\public\vite.svg", "XML", 0, 0, 0, 0, 0, 0, 1, 0, 0, 0, 0, 0, 0, 1
"c:\usman\projects\iot-platform-frontend\iot-platform-frontend\src\app\App.tsx", "TypeScript JSX", 0, 0, 0, 0, 0, 0, 0, 0, 19, 0, 0, 0, 3, 22
"c:\usman\projects\iot-platform-frontend\iot-platform-frontend\src\app\AppProviders.tsx", "TypeScript JSX", 0, 0, 0, 0, 0, 0, 0, 0, 40, 0, 0, 0, 3, 43
"c:\usman\projects\iot-platform-frontend\iot-platform-frontend\src\app\routes.tsx", "TypeScript JSX", 0, 0, 0, 0, 0, 0, 0, 0, 37, 0, 0, 3, 3, 43
"c:\usman\projects\iot-platform-frontend\iot-platform-frontend\src\assets\icons\apple.svg", "XML", 0, 0, 0, 0, 0, 0, 3, 0, 0, 0, 0, 0, 0, 3
"c:\usman\projects\iot-platform-frontend\iot-platform-frontend\src\assets\icons\github.svg", "XML", 0, 0, 0, 0, 0, 0, 4, 0, 0, 0, 0, 0, 0, 4
"c:\usman\projects\iot-platform-frontend\iot-platform-frontend\src\components\charts\BarChart.tsx", "TypeScript JSX", 0, 0, 0, 0, 0, 0, 0, 0, 159, 0, 0, 0, 6, 165
"c:\usman\projects\iot-platform-frontend\iot-platform-frontend\src\components\charts\GaugeChart.tsx", "TypeScript JSX", 0, 0, 0, 0, 0, 0, 0, 0, 103, 0, 0, 4, 8, 115
"c:\usman\projects\iot-platform-frontend\iot-platform-frontend\src\components\charts\HeatMap.tsx", "TypeScript JSX", 0, 0, 0, 0, 0, 0, 0, 0, 146, 0, 0, 12, 14, 172
"c:\usman\projects\iot-platform-frontend\iot-platform-frontend\src\components\charts\LineChart.tsx", "TypeScript JSX", 0, 0, 0, 0, 0, 0, 0, 0, 131, 0, 0, 0, 6, 137
"c:\usman\projects\iot-platform-frontend\iot-platform-frontend\src\components\charts\PieChart.tsx", "TypeScript JSX", 0, 0, 0, 0, 0, 0, 0, 0, 120, 0, 0, 0, 7, 127
"c:\usman\projects\iot-platform-frontend\iot-platform-frontend\src\components\charts\RealTimeChart.tsx", "TypeScript JSX", 0, 0, 0, 0, 0, 0, 0, 0, 191, 0, 0, 5, 18, 214
"c:\usman\projects\iot-platform-frontend\iot-platform-frontend\src\components\charts\index.ts", "TypeScript", 12, 0, 0, 0, 0, 0, 0, 0, 0, 0, 0, 0, 5, 17
"c:\usman\projects\iot-platform-frontend\iot-platform-frontend\src\components\common\ConfirmDialog\index.tsx", "TypeScript JSX", 0, 0, 0, 0, 0, 0, 0, 0, 55, 0, 0, 0, 3, 58
"c:\usman\projects\iot-platform-frontend\iot-platform-frontend\src\components\common\DashboardTable\DashboardTable.tsx", "TypeScript JSX", 0, 0, 0, 0, 0, 0, 0, 0, 430, 0, 0, 6, 18, 454
"c:\usman\projects\iot-platform-frontend\iot-platform-frontend\src\components\common\DashboardTable\index.ts", "TypeScript", 2, 0, 0, 0, 0, 0, 0, 0, 0, 0, 0, 0, 2, 4
"c:\usman\projects\iot-platform-frontend\iot-platform-frontend\src\components\common\DataTable\DataTable.tsx", "TypeScript JSX", 0, 0, 0, 0, 0, 0, 0, 0, 134, 0, 0, 0, 6, 140
"c:\usman\projects\iot-platform-frontend\iot-platform-frontend\src\components\common\DataTable\DataTablePagination.tsx", "TypeScript JSX", 0, 0, 0, 0, 0, 0, 0, 0, 89, 0, 0, 0, 2, 91
"c:\usman\projects\iot-platform-frontend\iot-platform-frontend\src\components\common\DataTable\DataTableToolbar.tsx", "TypeScript JSX", 0, 0, 0, 0, 0, 0, 0, 0, 42, 0, 0, 0, 3, 45
"c:\usman\projects\iot-platform-frontend\iot-platform-frontend\src\components\common\DataTable\columns.tsx", "TypeScript JSX", 0, 0, 0, 0, 0, 0, 0, 0, 129, 0, 0, 1, 8, 138
"c:\usman\projects\iot-platform-frontend\iot-platform-frontend\src\components\common\DateRangePicker\index.tsx", "TypeScript JSX", 0, 0, 0, 0, 0, 0, 0, 0, 63, 0, 0, 0, 2, 65
"c:\usman\projects\iot-platform-frontend\iot-platform-frontend\src\components\common\DeleteConfirmationDialog\DeleteConfirmationDialog.tsx", "TypeScript JSX", 0, 0, 0, 0, 0, 0, 0, 0, 85, 0, 0, 1, 5, 91
"c:\usman\projects\iot-platform-frontend\iot-platform-frontend\src\components\common\DeleteConfirmationDialog\index.ts", "TypeScript", 1, 0, 0, 0, 0, 0, 0, 0, 0, 0, 0, 0, 2, 3
"c:\usman\projects\iot-platform-frontend\iot-platform-frontend\src\components\common\DetailPageHeader\DetailPageHeader.tsx", "TypeScript JSX", 0, 0, 0, 0, 0, 0, 0, 0, 72, 0, 0, 2, 7, 81
"c:\usman\projects\iot-platform-frontend\iot-platform-frontend\src\components\common\DetailPageHeader\index.ts", "TypeScript", 2, 0, 0, 0, 0, 0, 0, 0, 0, 0, 0, 0, 2, 4
"c:\usman\projects\iot-platform-frontend\iot-platform-frontend\src\components\common\ErrorBoundary\ErrorBoundaryWrapper.tsx", "TypeScript JSX", 0, 0, 0, 0, 0, 0, 0, 0, 32, 0, 0, 0, 4, 36
"c:\usman\projects\iot-platform-frontend\iot-platform-frontend\src\components\common\ErrorBoundary\index.tsx", "TypeScript JSX", 0, 0, 0, 0, 0, 0, 0, 0, 203, 0, 0, 8, 25, 236
"c:\usman\projects\iot-platform-frontend\iot-platform-frontend\src\components\common\ErrorMessage\ErrorMessage.tsx", "TypeScript JSX", 0, 0, 0, 0, 0, 0, 0, 0, 52, 0, 0, 0, 5, 57
"c:\usman\projects\iot-platform-frontend\iot-platform-frontend\src\components\common\ErrorMessage\index.ts", "TypeScript", 1, 0, 0, 0, 0, 0, 0, 0, 0, 0, 0, 0, 2, 3
"c:\usman\projects\iot-platform-frontend\iot-platform-frontend\src\components\common\GroupsTable\GroupsTable.tsx", "TypeScript JSX", 0, 0, 0, 0, 0, 0, 0, 0, 113, 0, 0, 0, 10, 123
"c:\usman\projects\iot-platform-frontend\iot-platform-frontend\src\components\common\GroupsTable\index.ts", "TypeScript", 1, 0, 0, 0, 0, 0, 0, 0, 0, 0, 0, 0, 1, 2
"c:\usman\projects\iot-platform-frontend\iot-platform-frontend\src\components\common\ImportDashboardModal\index.tsx", "TypeScript JSX", 0, 0, 0, 0, 0, 0, 0, 0, 192, 0, 0, 9, 17, 218
"c:\usman\projects\iot-platform-frontend\iot-platform-frontend\src\components\common\Loadable.tsx", "TypeScript JSX", 0, 0, 0, 0, 0, 0, 0, 0, 13, 0, 0, 1, 2, 16
"c:\usman\projects\iot-platform-frontend\iot-platform-frontend\src\components\common\LoadingSpinner\index.tsx", "TypeScript JSX", 0, 0, 0, 0, 0, 0, 0, 0, 47, 0, 0, 2, 6, 55
"c:\usman\projects\iot-platform-frontend\iot-platform-frontend\src\components\common\LocationMap\LocationMap.tsx", "TypeScript JSX", 0, 0, 0, 0, 0, 0, 0, 0, 205, 0, 0, 16, 25, 246
"c:\usman\projects\iot-platform-frontend\iot-platform-frontend\src\components\common\LocationMap\index.ts", "TypeScript", 1, 0, 0, 0, 0, 0, 0, 0, 0, 0, 0, 0, 2, 3
"c:\usman\projects\iot-platform-frontend\iot-platform-frontend\src\components\common\PageHeader\index.tsx", "TypeScript JSX", 0, 0, 0, 0, 0, 0, 0, 0, 66, 0, 0, 0, 8, 74
"c:\usman\projects\iot-platform-frontend\iot-platform-frontend\src\components\common\Pagination\Pagination.tsx", "TypeScript JSX", 0, 0, 0, 0, 0, 0, 0, 0, 96, 0, 0, 0, 6, 102
"c:\usman\projects\iot-platform-frontend\iot-platform-frontend\src\components\common\Pagination\index.ts", "TypeScript", 2, 0, 0, 0, 0, 0, 0, 0, 0, 0, 0, 0, 1, 3
"c:\usman\projects\iot-platform-frontend\iot-platform-frontend\src\components\common\PaymentSuccess\PaymentSuccess.tsx", "TypeScript JSX", 0, 0, 0, 0, 0, 0, 0, 0, 47, 0, 0, 0, 2, 49
"c:\usman\projects\iot-platform-frontend\iot-platform-frontend\src\components\common\PaymentSuccess\index.ts", "TypeScript", 1, 0, 0, 0, 0, 0, 0, 0, 0, 0, 0, 0, 2, 3
"c:\usman\projects\iot-platform-frontend\iot-platform-frontend\src\components\common\SearchInput\index.tsx", "TypeScript JSX", 0, 0, 0, 0, 0, 0, 0, 0, 46, 0, 0, 0, 3, 49
"c:\usman\projects\iot-platform-frontend\iot-platform-frontend\src\components\common\SolutionSelectionBar.tsx", "TypeScript JSX", 0, 0, 0, 0, 0, 0, 0, 0, 103, 0, 0, 0, 14, 117
"c:\usman\projects\iot-platform-frontend\iot-platform-frontend\src\components\common\TagInput\index.tsx", "TypeScript JSX", 0, 0, 0, 0, 0, 0, 0, 0, 76, 0, 0, 0, 7, 83
"c:\usman\projects\iot-platform-frontend\iot-platform-frontend\src\components\common\UsageDonutChart.tsx", "TypeScript JSX", 0, 0, 0, 0, 0, 0, 0, 0, 40, 0, 0, 0, 3, 43
"c:\usman\projects\iot-platform-frontend\iot-platform-frontend\src\components\common\WidgetCanvas\TelemetryWidget.tsx", "TypeScript JSX", 0, 0, 0, 0, 0, 0, 0, 0, 285, 0, 0, 9, 27, 321
"c:\usman\projects\iot-platform-frontend\iot-platform-frontend\src\components\common\WidgetCanvas\TelemetryWidgetSettings.tsx", "TypeScript JSX", 0, 0, 0, 0, 0, 0, 0, 0, 171, 0, 0, 2, 15, 188
"c:\usman\projects\iot-platform-frontend\iot-platform-frontend\src\components\common\WidgetCanvas\WidgetCanvas.tsx", "TypeScript JSX", 0, 0, 0, 0, 0, 0, 0, 0, 280, 0, 0, 8, 20, 308
"c:\usman\projects\iot-platform-frontend\iot-platform-frontend\src\components\common\WidgetCanvas\index.ts", "TypeScript", 2, 0, 0, 0, 0, 0, 0, 0, 0, 0, 0, 0, 2, 4
"c:\usman\projects\iot-platform-frontend\iot-platform-frontend\src\components\forms\FormDatePicker.tsx", "TypeScript JSX", 0, 0, 0, 0, 0, 0, 0, 0, 80, 0, 0, 0, 2, 82
"c:\usman\projects\iot-platform-frontend\iot-platform-frontend\src\components\forms\FormField.tsx", "TypeScript JSX", 0, 0, 0, 0, 0, 0, 0, 0, 51, 0, 0, 0, 2, 53
"c:\usman\projects\iot-platform-frontend\iot-platform-frontend\src\components\forms\FormSelect.tsx", "TypeScript JSX", 0, 0, 0, 0, 0, 0, 0, 0, 63, 0, 0, 0, 2, 65
"c:\usman\projects\iot-platform-frontend\iot-platform-frontend\src\components\forms\FormTextarea.tsx", "TypeScript JSX", 0, 0, 0, 0, 0, 0, 0, 0, 51, 0, 0, 0, 2, 53
"c:\usman\projects\iot-platform-frontend\iot-platform-frontend\src\components\layout\AppLayout.tsx", "TypeScript JSX", 0, 0, 0, 0, 0, 0, 0, 0, 36, 0, 0, 1, 5, 42
"c:\usman\projects\iot-platform-frontend\iot-platform-frontend\src\components\layout\Breadcrumbs.tsx", "TypeScript JSX", 0, 0, 0, 0, 0, 0, 0, 0, 49, 0, 0, 1, 9, 59
"c:\usman\projects\iot-platform-frontend\iot-platform-frontend\src\components\layout\Header.tsx", "TypeScript JSX", 0, 0, 0, 0, 0, 0, 0, 0, 456, 0, 0, 17, 17, 490
"c:\usman\projects\iot-platform-frontend\iot-platform-frontend\src\components\layout\Sidebar.tsx", "TypeScript JSX", 0, 0, 0, 0, 0, 0, 0, 0, 528, 0, 0, 13, 24, 565
"c:\usman\projects\iot-platform-frontend\iot-platform-frontend\src\components\models\DeleteRoleModal.tsx", "TypeScript JSX", 0, 0, 0, 0, 0, 0, 0, 0, 121, 0, 0, 4, 7, 132
"c:\usman\projects\iot-platform-frontend\iot-platform-frontend\src\components\models\DeleteUserModal.tsx", "TypeScript JSX", 0, 0, 0, 0, 0, 0, 0, 0, 108, 0, 0, 5, 8, 121
"c:\usman\projects\iot-platform-frontend\iot-platform-frontend\src\components\ui\DashboardNavigation.tsx", "TypeScript JSX", 0, 0, 0, 0, 0, 0, 0, 0, 21, 0, 0, 0, 2, 23
"c:\usman\projects\iot-platform-frontend\iot-platform-frontend\src\components\ui\LanguageSwitcher.tsx", "TypeScript JSX", 0, 0, 0, 0, 0, 0, 0, 0, 137, 0, 0, 3, 13, 153
"c:\usman\projects\iot-platform-frontend\iot-platform-frontend\src\components\ui\ThemeSwitcher.tsx", "TypeScript JSX", 0, 0, 0, 0, 0, 0, 0, 0, 28, 0, 0, 1, 4, 33
"c:\usman\projects\iot-platform-frontend\iot-platform-frontend\src\components\ui\alert-dialog.tsx", "TypeScript JSX", 0, 0, 0, 0, 0, 0, 0, 0, 219, 0, 0, 1, 32, 252
"c:\usman\projects\iot-platform-frontend\iot-platform-frontend\src\components\ui\alert.tsx", "TypeScript JSX", 0, 0, 0, 0, 0, 0, 0, 0, 59, 0, 0, 0, 5, 64
"c:\usman\projects\iot-platform-frontend\iot-platform-frontend\src\components\ui\avatar.tsx", "TypeScript JSX", 0, 0, 0, 0, 0, 0, 0, 0, 52, 0, 0, 0, 7, 59
"c:\usman\projects\iot-platform-frontend\iot-platform-frontend\src\components\ui\badge.tsx", "TypeScript JSX", 0, 0, 0, 0, 0, 0, 0, 0, 26, 0, 0, 0, 5, 31
"c:\usman\projects\iot-platform-frontend\iot-platform-frontend\src\components\ui\button.tsx", "TypeScript JSX", 0, 0, 0, 0, 0, 0, 0, 0, 89, 0, 0, 1, 8, 98
"c:\usman\projects\iot-platform-frontend\iot-platform-frontend\src\components\ui\calendar.tsx", "TypeScript JSX", 0, 0, 0, 0, 0, 0, 0, 0, 55, 0, 0, 5, 3, 63
"c:\usman\projects\iot-platform-frontend\iot-platform-frontend\src\components\ui\card.tsx", "TypeScript JSX", 0, 0, 0, 0, 0, 0, 0, 0, 96, 0, 0, 9, 13, 118
"c:\usman\projects\iot-platform-frontend\iot-platform-frontend\src\components\ui\checkbox.tsx", "TypeScript JSX", 0, 0, 0, 0, 0, 0, 0, 0, 29, 0, 0, 0, 5, 34
"c:\usman\projects\iot-platform-frontend\iot-platform-frontend\src\components\ui\command.tsx", "TypeScript JSX", 0, 0, 0, 0, 0, 0, 0, 0, 92, 0, 0, 0, 7, 99
"c:\usman\projects\iot-platform-frontend\iot-platform-frontend\src\components\ui\dialog.tsx", "TypeScript JSX", 0, 0, 0, 0, 0, 0, 0, 0, 220, 0, 0, 0, 32, 252
"c:\usman\projects\iot-platform-frontend\iot-platform-frontend\src\components\ui\dropdown-menu.tsx", "TypeScript JSX", 0, 0, 0, 0, 0, 0, 0, 0, 177, 0, 0, 0, 29, 206
"c:\usman\projects\iot-platform-frontend\iot-platform-frontend\src\components\ui\form.tsx", "TypeScript JSX", 0, 0, 0, 0, 0, 0, 0, 0, 157, 0, 0, 1, 24, 182
"c:\usman\projects\iot-platform-frontend\iot-platform-frontend\src\components\ui\input.tsx", "TypeScript JSX", 0, 0, 0, 0, 0, 0, 0, 0, 46, 0, 0, 0, 5, 51
"c:\usman\projects\iot-platform-frontend\iot-platform-frontend\src\components\ui\label.tsx", "TypeScript JSX", 0, 0, 0, 0, 0, 0, 0, 0, 19, 0, 0, 0, 4, 23
"c:\usman\projects\iot-platform-frontend\iot-platform-frontend\src\components\ui\phone-input.tsx", "TypeScript JSX", 0, 0, 0, 0, 0, 0, 0, 0, 69, 0, 0, 1, 6, 76
"c:\usman\projects\iot-platform-frontend\iot-platform-frontend\src\components\ui\pop-over.tsx", "TypeScript JSX", 0, 0, 0, 0, 0, 0, 0, 0, 122, 0, 0, 0, 23, 145
"c:\usman\projects\iot-platform-frontend\iot-platform-frontend\src\components\ui\progress.tsx", "TypeScript JSX", 0, 0, 0, 0, 0, 0, 0, 0, 32, 0, 0, 0, 5, 37
"c:\usman\projects\iot-platform-frontend\iot-platform-frontend\src\components\ui\radio-group.tsx", "TypeScript JSX", 0, 0, 0, 0, 0, 0, 0, 0, 58, 0, 0, 0, 9, 67
"c:\usman\projects\iot-platform-frontend\iot-platform-frontend\src\components\ui\radio.tsx", "TypeScript JSX", 0, 0, 0, 0, 0, 0, 0, 0, 29, 0, 0, 0, 6, 35
"c:\usman\projects\iot-platform-frontend\iot-platform-frontend\src\components\ui\scroll-area.tsx", "TypeScript JSX", 0, 0, 0, 0, 0, 0, 0, 0, 42, 0, 0, 0, 5, 47
"c:\usman\projects\iot-platform-frontend\iot-platform-frontend\src\components\ui\select.tsx", "TypeScript JSX", 0, 0, 0, 0, 0, 0, 0, 0, 197, 0, 0, 0, 34, 231
"c:\usman\projects\iot-platform-frontend\iot-platform-frontend\src\components\ui\separator.tsx", "TypeScript JSX", 0, 0, 0, 0, 0, 0, 0, 0, 23, 0, 0, 0, 3, 26
"c:\usman\projects\iot-platform-frontend\iot-platform-frontend\src\components\ui\skeleton.tsx", "TypeScript JSX", 0, 0, 0, 0, 0, 0, 0, 0, 35, 0, 0, 1, 4, 40
"c:\usman\projects\iot-platform-frontend\iot-platform-frontend\src\components\ui\switch.tsx", "TypeScript JSX", 0, 0, 0, 0, 0, 0, 0, 0, 46, 0, 0, 0, 6, 52
"c:\usman\projects\iot-platform-frontend\iot-platform-frontend\src\components\ui\table.tsx", "TypeScript JSX", 0, 0, 0, 0, 0, 0, 0, 0, 123, 0, 0, 1, 10, 134
"c:\usman\projects\iot-platform-frontend\iot-platform-frontend\src\components\ui\tabs.tsx", "TypeScript JSX", 0, 0, 0, 0, 0, 0, 0, 0, 108, 0, 0, 0, 18, 126
"c:\usman\projects\iot-platform-frontend\iot-platform-frontend\src\components\ui\textarea.tsx", "TypeScript JSX", 0, 0, 0, 0, 0, 0, 0, 0, 20, 0, 0, 0, 4, 24
"c:\usman\projects\iot-platform-frontend\iot-platform-frontend\src\components\ui\tooltip.tsx", "TypeScript JSX", 0, 0, 0, 0, 0, 0, 0, 0, 141, 0, 0, 0, 24, 165
"c:\usman\projects\iot-platform-frontend\iot-platform-frontend\src\config\env.ts", "TypeScript", 8, 0, 0, 0, 0, 0, 0, 0, 0, 0, 0, 0, 1, 9
"c:\usman\projects\iot-platform-frontend\iot-platform-frontend\src\features\Subscription\hooks\index.ts", "TypeScript", 3, 0, 0, 0, 0, 0, 0, 0, 0, 0, 0, 0, 1, 4
"c:\usman\projects\iot-platform-frontend\iot-platform-frontend\src\features\Subscription\hooks\useCurrentSubscription.ts", "TypeScript", 68, 0, 0, 0, 0, 0, 0, 0, 0, 0, 0, 1, 6, 75
"c:\usman\projects\iot-platform-frontend\iot-platform-frontend\src\features\Subscription\hooks\useInvoices.ts", "TypeScript", 81, 0, 0, 0, 0, 0, 0, 0, 0, 0, 0, 1, 11, 93
"c:\usman\projects\iot-platform-frontend\iot-platform-frontend\src\features\Subscription\hooks\useSubscriptionPlans.tsx", "TypeScript JSX", 0, 0, 0, 0, 0, 0, 0, 0, 104, 0, 0, 2, 2, 108
"c:\usman\projects\iot-platform-frontend\iot-platform-frontend\src\features\Subscription\hooks\useUsage.ts", "TypeScript", 14, 0, 0, 0, 0, 0, 0, 0, 0, 0, 0, 0, 2, 16
"c:\usman\projects\iot-platform-frontend\iot-platform-frontend\src\features\Subscription\services\subscriptions.api.ts", "TypeScript", 158, 0, 0, 0, 0, 0, 0, 0, 0, 0, 0, 16, 28, 202
"c:\usman\projects\iot-platform-frontend\iot-platform-frontend\src\features\alarms\hooks\index.ts", "TypeScript", 57, 0, 0, 0, 0, 0, 0, 0, 0, 0, 0, 7, 9, 73
"c:\usman\projects\iot-platform-frontend\iot-platform-frontend\src\features\alarms\services\alarmService.ts", "TypeScript", 218, 0, 0, 0, 0, 0, 0, 0, 0, 0, 0, 72, 39, 329
"c:\usman\projects\iot-platform-frontend\iot-platform-frontend\src\features\alarms\stores\index.ts", "TypeScript", 30, 0, 0, 0, 0, 0, 0, 0, 0, 0, 0, 0, 4, 34
"c:\usman\projects\iot-platform-frontend\iot-platform-frontend\src\features\alarms\types\index.ts", "TypeScript", 17, 0, 0, 0, 0, 0, 0, 0, 0, 0, 0, 0, 3, 20
"c:\usman\projects\iot-platform-frontend\iot-platform-frontend\src\features\analytics\components\index.tsx", "TypeScript JSX", 0, 0, 0, 0, 0, 0, 0, 0, 1, 0, 0, 1, 1, 3
"c:\usman\projects\iot-platform-frontend\iot-platform-frontend\src\features\analytics\hooks\index.ts", "TypeScript", 36, 0, 0, 0, 0, 0, 0, 0, 0, 0, 0, 0, 5, 41
"c:\usman\projects\iot-platform-frontend\iot-platform-frontend\src\features\analytics\services\analyticsServices.ts", "TypeScript", 247, 0, 0, 0, 0, 0, 0, 0, 0, 0, 0, 2, 37, 286
"c:\usman\projects\iot-platform-frontend\iot-platform-frontend\src\features\analytics\stores\index.ts", "TypeScript", 16, 0, 0, 0, 0, 0, 0, 0, 0, 0, 0, 0, 4, 20
"c:\usman\projects\iot-platform-frontend\iot-platform-frontend\src\features\analytics\types\index.ts", "TypeScript", 18, 0, 0, 0, 0, 0, 0, 0, 0, 0, 0, 0, 2, 20
"c:\usman\projects\iot-platform-frontend\iot-platform-frontend\src\features\assets\components\AddAssetModal\index.tsx", "TypeScript JSX", 0, 0, 0, 0, 0, 0, 0, 0, 707, 0, 0, 21, 47, 775
"c:\usman\projects\iot-platform-frontend\iot-platform-frontend\src\features\assets\components\AssetLocationsMapCard.tsx", "TypeScript JSX", 0, 0, 0, 0, 0, 0, 0, 0, 339, 0, 0, 0, 24, 363
"c:\usman\projects\iot-platform-frontend\iot-platform-frontend\src\features\assets\components\AssetTreeView.tsx", "TypeScript JSX", 0, 0, 0, 0, 0, 0, 0, 0, 70, 0, 0, 0, 8, 78
"c:\usman\projects\iot-platform-frontend\iot-platform-frontend\src\features\assets\components\index.ts", "TypeScript", 1, 0, 0, 0, 0, 0, 0, 0, 0, 0, 0, 0, 0, 1
"c:\usman\projects\iot-platform-frontend\iot-platform-frontend\src\features\assets\hooks\index.ts", "TypeScript", 119, 0, 0, 0, 0, 0, 0, 0, 0, 0, 0, 0, 18, 137
"c:\usman\projects\iot-platform-frontend\iot-platform-frontend\src\features\assets\hooks\useAssetDetails.ts", "TypeScript", 241, 0, 0, 0, 0, 0, 0, 0, 0, 0, 0, 18, 35, 294
"c:\usman\projects\iot-platform-frontend\iot-platform-frontend\src\features\assets\hooks\useAssetsPage.ts", "TypeScript", 249, 0, 0, 0, 0, 0, 0, 0, 0, 0, 0, 18, 27, 294
"c:\usman\projects\iot-platform-frontend\iot-platform-frontend\src\features\assets\services\assetService.ts", "TypeScript", 208, 0, 0, 0, 0, 0, 0, 0, 0, 0, 0, 4, 35, 247
"c:\usman\projects\iot-platform-frontend\iot-platform-frontend\src\features\assets\stores\index.ts", "TypeScript", 41, 0, 0, 0, 0, 0, 0, 0, 0, 0, 0, 0, 11, 52
"c:\usman\projects\iot-platform-frontend\iot-platform-frontend\src\features\assets\types\index.ts", "TypeScript", 62, 0, 0, 0, 0, 0, 0, 0, 0, 0, 0, 0, 9, 71
"c:\usman\projects\iot-platform-frontend\iot-platform-frontend\src\features\audit\components\index.tsx", "TypeScript JSX", 0, 0, 0, 0, 0, 0, 0, 0, 0, 0, 0, 2, 0, 2
"c:\usman\projects\iot-platform-frontend\iot-platform-frontend\src\features\audit\hooks\index.ts", "TypeScript", 32, 0, 0, 0, 0, 0, 0, 0, 0, 0, 0, 1, 4, 37
"c:\usman\projects\iot-platform-frontend\iot-platform-frontend\src\features\audit\services\auditServices.ts", "TypeScript", 201, 0, 0, 0, 0, 0, 0, 0, 0, 0, 0, 4, 26, 231
"c:\usman\projects\iot-platform-frontend\iot-platform-frontend\src\features\audit\stores\index.ts", "TypeScript", 0, 0, 0, 0, 0, 0, 0, 0, 0, 0, 0, 13, 4, 17
"c:\usman\projects\iot-platform-frontend\iot-platform-frontend\src\features\audit\types\index.ts", "TypeScript", 0, 0, 0, 0, 0, 0, 0, 0, 0, 0, 0, 9, 1, 10
"c:\usman\projects\iot-platform-frontend\iot-platform-frontend\src\features\auth\components\AccountBlockedForm.tsx", "TypeScript JSX", 0, 0, 0, 0, 0, 0, 0, 0, 58, 0, 0, 8, 9, 75
"c:\usman\projects\iot-platform-frontend\iot-platform-frontend\src\features\auth\components\AuthLayout.tsx", "TypeScript JSX", 0, 0, 0, 0, 0, 0, 0, 0, 67, 0, 0, 4, 9, 80
"c:\usman\projects\iot-platform-frontend\iot-platform-frontend\src\features\auth\components\CheckEmailForm.tsx", "TypeScript JSX", 0, 0, 0, 0, 0, 0, 0, 0, 72, 0, 0, 5, 5, 82
"c:\usman\projects\iot-platform-frontend\iot-platform-frontend\src\features\auth\components\ForgotPasswordForm.tsx", "TypeScript JSX", 0, 0, 0, 0, 0, 0, 0, 0, 74, 0, 0, 3, 9, 86
"c:\usman\projects\iot-platform-frontend\iot-platform-frontend\src\features\auth\components\LoginForm.tsx", "TypeScript JSX", 0, 0, 0, 0, 0, 0, 0, 0, 92, 0, 0, 4, 11, 107
"c:\usman\projects\iot-platform-frontend\iot-platform-frontend\src\features\auth\components\PinCodeVerificationForm.tsx", "TypeScript JSX", 0, 0, 0, 0, 0, 0, 0, 0, 111, 0, 0, 11, 23, 145
"c:\usman\projects\iot-platform-frontend\iot-platform-frontend\src\features\auth\components\RegisterForm.tsx", "TypeScript JSX", 0, 0, 0, 0, 0, 0, 0, 0, 245, 0, 0, 1, 2, 248
"c:\usman\projects\iot-platform-frontend\iot-platform-frontend\src\features\auth\components\ResetPasswordForm.tsx", "TypeScript JSX", 0, 0, 0, 0, 0, 0, 0, 0, 123, 0, 0, 6, 18, 147
"c:\usman\projects\iot-platform-frontend\iot-platform-frontend\src\features\auth\components\SelectRoleForm.tsx", "TypeScript JSX", 0, 0, 0, 0, 0, 0, 0, 0, 91, 0, 0, 6, 11, 108
"c:\usman\projects\iot-platform-frontend\iot-platform-frontend\src\features\auth\components\VerifyAccountForm.tsx", "TypeScript JSX", 0, 0, 0, 0, 0, 0, 0, 0, 166, 0, 0, 14, 17, 197
"c:\usman\projects\iot-platform-frontend\iot-platform-frontend\src\features\auth\hooks\useAuth.ts", "TypeScript", 33, 0, 0, 0, 0, 0, 0, 0, 0, 0, 0, 3, 6, 42
"c:\usman\projects\iot-platform-frontend\iot-platform-frontend\src\features\auth\hooks\useGithubLogin.ts", "TypeScript", 25, 0, 0, 0, 0, 0, 0, 0, 0, 0, 0, 1, 5, 31
"c:\usman\projects\iot-platform-frontend\iot-platform-frontend\src\features\auth\hooks\useGoogleLogin.ts", "TypeScript", 25, 0, 0, 0, 0, 0, 0, 0, 0, 0, 0, 1, 4, 30
"c:\usman\projects\iot-platform-frontend\iot-platform-frontend\src\features\auth\hooks\useLogin.ts", "TypeScript", 101, 0, 0, 0, 0, 0, 0, 0, 0, 0, 0, 11, 16, 128
"c:\usman\projects\iot-platform-frontend\iot-platform-frontend\src\features\auth\hooks\useLogout.ts", "TypeScript", 44, 0, 0, 0, 0, 0, 0, 0, 0, 0, 0, 9, 13, 66
"c:\usman\projects\iot-platform-frontend\iot-platform-frontend\src\features\auth\hooks\useRegister.ts", "TypeScript", 20, 0, 0, 0, 0, 0, 0, 0, 0, 0, 0, 2, 2, 24
"c:\usman\projects\iot-platform-frontend\iot-platform-frontend\src\features\auth\hooks\useUserId.ts", "TypeScript", 24, 0, 0, 0, 0, 0, 0, 0, 0, 0, 0, 0, 5, 29
"c:\usman\projects\iot-platform-frontend\iot-platform-frontend\src\features\auth\services\authService.ts", "TypeScript", 64, 0, 0, 0, 0, 0, 0, 0, 0, 0, 0, 0, 9, 73
"c:\usman\projects\iot-platform-frontend\iot-platform-frontend\src\features\auth\services\githubAuthService.ts", "TypeScript", 16, 0, 0, 0, 0, 0, 0, 0, 0, 0, 0, 0, 3, 19
"c:\usman\projects\iot-platform-frontend\iot-platform-frontend\src\features\auth\services\googleAuthService.ts", "TypeScript", 20, 0, 0, 0, 0, 0, 0, 0, 0, 0, 0, 0, 3, 23
"c:\usman\projects\iot-platform-frontend\iot-platform-frontend\src\features\auth\types\auth.types.ts", "TypeScript", 45, 0, 0, 0, 0, 0, 0, 0, 0, 0, 0, 0, 7, 52
"c:\usman\projects\iot-platform-frontend\iot-platform-frontend\src\features\auth\utils\tokenManager.ts", "TypeScript", 56, 0, 0, 0, 0, 0, 0, 0, 0, 0, 0, 1, 15, 72
"c:\usman\projects\iot-platform-frontend\iot-platform-frontend\src\features\customerUser\hooks\index.ts", "TypeScript", 68, 0, 0, 0, 0, 0, 0, 0, 0, 0, 0, 1, 4, 73
"c:\usman\projects\iot-platform-frontend\iot-platform-frontend\src\features\customerUser\services\customerUser.api.ts", "TypeScript", 101, 0, 0, 0, 0, 0, 0, 0, 0, 0, 0, 5, 11, 117
"c:\usman\projects\iot-platform-frontend\iot-platform-frontend\src\features\customer\components\CustomerActivityLog.tsx", "TypeScript JSX", 0, 0, 0, 0, 0, 0, 0, 0, 94, 0, 0, 0, 7, 101
"c:\usman\projects\iot-platform-frontend\iot-platform-frontend\src\features\customer\components\CustomerDetailsCard.tsx", "TypeScript JSX", 0, 0, 0, 0, 0, 0, 0, 0, 502, 0, 0, 3, 15, 520
"c:\usman\projects\iot-platform-frontend\iot-platform-frontend\src\features\customer\components\CustomerUserHierarchyModal.tsx", "TypeScript JSX", 0, 0, 0, 0, 0, 0, 0, 0, 249, 0, 0, 1, 20, 270
"c:\usman\projects\iot-platform-frontend\iot-platform-frontend\src\features\customer\components\CustomerUsersList.tsx", "TypeScript JSX", 0, 0, 0, 0, 0, 0, 0, 0, 186, 0, 0, 0, 10, 196
"c:\usman\projects\iot-platform-frontend\iot-platform-frontend\src\features\customer\hooks\index.ts", "TypeScript", 8, 0, 0, 0, 0, 0, 0, 0, 0, 0, 0, 0, 2, 10
"c:\usman\projects\iot-platform-frontend\iot-platform-frontend\src\features\customer\hooks\useCreateCustomer.ts", "TypeScript", 26, 0, 0, 0, 0, 0, 0, 0, 0, 0, 0, 1, 3, 30
"c:\usman\projects\iot-platform-frontend\iot-platform-frontend\src\features\customer\hooks\useCustomers.ts", "TypeScript", 85, 0, 0, 0, 0, 0, 0, 0, 0, 0, 0, 3, 7, 95
"c:\usman\projects\iot-platform-frontend\iot-platform-frontend\src\features\customer\services\customerService.ts", "TypeScript", 67, 0, 0, 0, 0, 0, 0, 0, 0, 0, 0, 3, 9, 79
"c:\usman\projects\iot-platform-frontend\iot-platform-frontend\src\features\customer\types\index.ts", "TypeScript", 111, 0, 0, 0, 0, 0, 0, 0, 0, 0, 0, 0, 9, 120
"c:\usman\projects\iot-platform-frontend\iot-platform-frontend\src\features\dashboard\components\DashboardGrid.tsx", "TypeScript JSX", 0, 0, 0, 0, 0, 0, 0, 0, 0, 0, 0, 0, 1, 1
"c:\usman\projects\iot-platform-frontend\iot-platform-frontend\src\features\dashboard\components\DashboardToolbar.tsx", "TypeScript JSX", 0, 0, 0, 0, 0, 0, 0, 0, 0, 0, 0, 0, 1, 1
"c:\usman\projects\iot-platform-frontend\iot-platform-frontend\src\features\dashboard\components\TableGroup.tsx", "TypeScript JSX", 0, 0, 0, 0, 0, 0, 0, 0, 113, 0, 0, 0, 10, 123
"c:\usman\projects\iot-platform-frontend\iot-platform-frontend\src\features\dashboard\components\WidgetContainer.tsx", "TypeScript JSX", 0, 0, 0, 0, 0, 0, 0, 0, 0, 0, 0, 0, 1, 1
"c:\usman\projects\iot-platform-frontend\iot-platform-frontend\src\features\dashboard\components\index.tsx", "TypeScript JSX", 0, 0, 0, 0, 0, 0, 0, 0, 1, 0, 0, 1, 0, 2
"c:\usman\projects\iot-platform-frontend\iot-platform-frontend\src\features\dashboard\components\widgets\AlarmWidget.tsx", "TypeScript JSX", 0, 0, 0, 0, 0, 0, 0, 0, 0, 0, 0, 0, 1, 1
"c:\usman\projects\iot-platform-frontend\iot-platform-frontend\src\features\dashboard\components\widgets\ChartWidget.tsx", "TypeScript JSX", 0, 0, 0, 0, 0, 0, 0, 0, 0, 0, 0, 0, 1, 1
"c:\usman\projects\iot-platform-frontend\iot-platform-frontend\src\features\dashboard\components\widgets\MapWidget.tsx", "TypeScript JSX", 0, 0, 0, 0, 0, 0, 0, 0, 0, 0, 0, 0, 1, 1
"c:\usman\projects\iot-platform-frontend\iot-platform-frontend\src\features\dashboard\components\widgets\StatusWidget.tsx", "TypeScript JSX", 0, 0, 0, 0, 0, 0, 0, 0, 0, 0, 0, 0, 1, 1
"c:\usman\projects\iot-platform-frontend\iot-platform-frontend\src\features\dashboard\components\widgets\TelemetryWidget.tsx", "TypeScript JSX", 0, 0, 0, 0, 0, 0, 0, 0, 0, 0, 0, 0, 1, 1
"c:\usman\projects\iot-platform-frontend\iot-platform-frontend\src\features\dashboard\hooks\index.ts", "TypeScript", 126, 0, 0, 0, 0, 0, 0, 0, 0, 0, 0, 4, 17, 147
"c:\usman\projects\iot-platform-frontend\iot-platform-frontend\src\features\dashboard\hooks\useDashboard.ts", "TypeScript", 0, 0, 0, 0, 0, 0, 0, 0, 0, 0, 0, 0, 1, 1
"c:\usman\projects\iot-platform-frontend\iot-platform-frontend\src\features\dashboard\hooks\useDashboardsPage.ts", "TypeScript", 290, 0, 0, 0, 0, 0, 0, 0, 0, 0, 0, 33, 37, 360
"c:\usman\projects\iot-platform-frontend\iot-platform-frontend\src\features\dashboard\hooks\useMainDashboard.ts", "TypeScript", 115, 0, 0, 0, 0, 0, 0, 0, 0, 0, 0, 22, 21, 158
"c:\usman\projects\iot-platform-frontend\iot-platform-frontend\src\features\dashboard\hooks\useWidgets.ts", "TypeScript", 0, 0, 0, 0, 0, 0, 0, 0, 0, 0, 0, 0, 1, 1
"c:\usman\projects\iot-platform-frontend\iot-platform-frontend\src\features\dashboard\services\dashboardService.ts", "TypeScript", 219, 0, 0, 0, 0, 0, 0, 0, 0, 0, 0, 15, 33, 267
"c:\usman\projects\iot-platform-frontend\iot-platform-frontend\src\features\dashboard\stores\dashboardStore.ts", "TypeScript", 0, 0, 0, 0, 0, 0, 0, 0, 0, 0, 0, 0, 1, 1
"c:\usman\projects\iot-platform-frontend\iot-platform-frontend\src\features\dashboard\stores\index.ts", "TypeScript", 13, 0, 0, 0, 0, 0, 0, 0, 0, 0, 0, 0, 4, 17
"c:\usman\projects\iot-platform-frontend\iot-platform-frontend\src\features\dashboard\types\dashboard.types.ts", "TypeScript", 0, 0, 0, 0, 0, 0, 0, 0, 0, 0, 0, 0, 1, 1
"c:\usman\projects\iot-platform-frontend\iot-platform-frontend\src\features\dashboard\types\index.ts", "TypeScript", 11, 0, 0, 0, 0, 0, 0, 0, 0, 0, 0, 0, 2, 13
"c:\usman\projects\iot-platform-frontend\iot-platform-frontend\src\features\dashboard\types\widget.types.ts", "TypeScript", 0, 0, 0, 0, 0, 0, 0, 0, 0, 0, 0, 0, 1, 1
"c:\usman\projects\iot-platform-frontend\iot-platform-frontend\src\features\device-profiles\types\device-profile.types.ts", "TypeScript", 34, 0, 0, 0, 0, 0, 0, 0, 0, 0, 0, 0, 6, 40
"c:\usman\projects\iot-platform-frontend\iot-platform-frontend\src\features\device-profiles\types\index.ts", "TypeScript", 1, 0, 0, 0, 0, 0, 0, 0, 0, 0, 0, 0, 2, 3
"c:\usman\projects\iot-platform-frontend\iot-platform-frontend\src\features\devices\components\DeviceAlarmsTab.tsx", "TypeScript JSX", 0, 0, 0, 0, 0, 0, 0, 0, 402, 0, 0, 7, 13, 422
"c:\usman\projects\iot-platform-frontend\iot-platform-frontend\src\features\devices\components\DeviceAttributes.tsx", "TypeScript JSX", 0, 0, 0, 0, 0, 0, 0, 0, 0, 0, 0, 0, 1, 1
"c:\usman\projects\iot-platform-frontend\iot-platform-frontend\src\features\devices\components\DeviceCard.tsx", "TypeScript JSX", 0, 0, 0, 0, 0, 0, 0, 0, 0, 0, 0, 69, 7, 76
"c:\usman\projects\iot-platform-frontend\iot-platform-frontend\src\features\devices\components\DeviceCredentialsDialog.tsx", "TypeScript JSX", 0, 0, 0, 0, 0, 0, 0, 0, 235, 0, 0, 0, 14, 249
"c:\usman\projects\iot-platform-frontend\iot-platform-frontend\src\features\devices\components\DeviceDetails.tsx", "TypeScript JSX", 0, 0, 0, 0, 0, 0, 0, 0, 0, 0, 0, 0, 1, 1
"c:\usman\projects\iot-platform-frontend\iot-platform-frontend\src\features\devices\components\DeviceDialog.tsx", "TypeScript JSX", 0, 0, 0, 0, 0, 0, 0, 0, 230, 0, 0, 1, 8, 239
"c:\usman\projects\iot-platform-frontend\iot-platform-frontend\src\features\devices\components\DeviceFilters.tsx", "TypeScript JSX", 0, 0, 0, 0, 0, 0, 0, 0, 0, 0, 0, 81, 5, 86
"c:\usman\projects\iot-platform-frontend\iot-platform-frontend\src\features\devices\components\DeviceForm.tsx", "TypeScript JSX", 0, 0, 0, 0, 0, 0, 0, 0, 0, 0, 0, 87, 8, 95
"c:\usman\projects\iot-platform-frontend\iot-platform-frontend\src\features\devices\components\DeviceGeneralTab.tsx", "TypeScript JSX", 0, 0, 0, 0, 0, 0, 0, 0, 361, 0, 0, 28, 26, 415
"c:\usman\projects\iot-platform-frontend\iot-platform-frontend\src\features\devices\components\DeviceList.tsx", "TypeScript JSX", 0, 0, 0, 0, 0, 0, 0, 0, 0, 0, 0, 0, 1, 1
"c:\usman\projects\iot-platform-frontend\iot-platform-frontend\src\features\devices\components\DeviceTelemetry.tsx", "TypeScript JSX", 0, 0, 0, 0, 0, 0, 0, 0, 0, 0, 0, 0, 1, 1
"c:\usman\projects\iot-platform-frontend\iot-platform-frontend\src\features\devices\components\DeviceTelemetryTab.tsx", "TypeScript JSX", 0, 0, 0, 0, 0, 0, 0, 0, 263, 0, 0, 11, 18, 292
"c:\usman\projects\iot-platform-frontend\iot-platform-frontend\src\features\devices\components\TelemetryDetails.tsx", "TypeScript JSX", 0, 0, 0, 0, 0, 0, 0, 0, 299, 0, 0, 18, 26, 343
"c:\usman\projects\iot-platform-frontend\iot-platform-frontend\src\features\devices\components\deviceColumns.tsx", "TypeScript JSX", 0, 0, 0, 0, 0, 0, 0, 0, 143, 0, 0, 2, 6, 151
"c:\usman\projects\iot-platform-frontend\iot-platform-frontend\src\features\devices\components\index.tsx", "TypeScript JSX", 0, 0, 0, 0, 0, 0, 0, 0, 0, 0, 0, 3, 0, 3
"c:\usman\projects\iot-platform-frontend\iot-platform-frontend\src\features\devices\hooks\index.ts", "TypeScript", 2, 0, 0, 0, 0, 0, 0, 0, 0, 0, 0, 0, 0, 2
"c:\usman\projects\iot-platform-frontend\iot-platform-frontend\src\features\devices\hooks\useDeviceTelemetry.ts", "TypeScript", 25, 0, 0, 0, 0, 0, 0, 0, 0, 0, 0, 0, 3, 28
"c:\usman\projects\iot-platform-frontend\iot-platform-frontend\src\features\devices\hooks\useDevices.ts", "TypeScript", 120, 0, 0, 0, 0, 0, 0, 0, 0, 0, 0, 19, 18, 157
"c:\usman\projects\iot-platform-frontend\iot-platform-frontend\src\features\devices\services\deviceService.ts", "TypeScript", 145, 0, 0, 0, 0, 0, 0, 0, 0, 0, 0, 29, 31, 205
"c:\usman\projects\iot-platform-frontend\iot-platform-frontend\src\features\devices\stores\deviceStore.ts", "TypeScript", 37, 0, 0, 0, 0, 0, 0, 0, 0, 0, 0, 1, 10, 48
"c:\usman\projects\iot-platform-frontend\iot-platform-frontend\src\features\devices\types\device.types.ts", "TypeScript", 64, 0, 0, 0, 0, 0, 0, 0, 0, 0, 0, 0, 10, 74
"c:\usman\projects\iot-platform-frontend\iot-platform-frontend\src\features\devices\types\index.ts", "TypeScript", 1, 0, 0, 0, 0, 0, 0, 0, 0, 0, 0, 0, 0, 1
"c:\usman\projects\iot-platform-frontend\iot-platform-frontend\src\features\floorPlan\components\AssetSelectionStep.tsx", "TypeScript JSX", 0, 0, 0, 0, 0, 0, 0, 0, 226, 0, 0, 4, 15, 245
"c:\usman\projects\iot-platform-frontend\iot-platform-frontend\src\features\floorPlan\components\DeviceLinkStep.tsx", "TypeScript JSX", 0, 0, 0, 0, 0, 0, 0, 0, 963, 0, 0, 60, 58, 1081
"c:\usman\projects\iot-platform-frontend\iot-platform-frontend\src\features\floorPlan\components\DragableDevies.tsx", "TypeScript JSX", 0, 0, 0, 0, 0, 0, 0, 0, 56, 0, 0, 11, 4, 71
"c:\usman\projects\iot-platform-frontend\iot-platform-frontend\src\features\floorPlan\components\DwgImportStep.tsx", "TypeScript JSX", 0, 0, 0, 0, 0, 0, 0, 0, 552, 0, 0, 28, 33, 613
"c:\usman\projects\iot-platform-frontend\iot-platform-frontend\src\features\floorPlan\components\FloorPlanCanvas.tsx", "TypeScript JSX", 0, 0, 0, 0, 0, 0, 0, 0, 343, 0, 0, 21, 18, 382
"c:\usman\projects\iot-platform-frontend\iot-platform-frontend\src\features\floorPlan\components\ReviewStep.tsx", "TypeScript JSX", 0, 0, 0, 0, 0, 0, 0, 0, 1541, 0, 0, 115, 118, 1774
"c:\usman\projects\iot-platform-frontend\iot-platform-frontend\src\features\floorPlan\components\ZoneSetupStep.tsx", "TypeScript JSX", 0, 0, 0, 0, 0, 0, 0, 0, 639, 0, 0, 25, 55, 719
"c:\usman\projects\iot-platform-frontend\iot-platform-frontend\src\features\floorPlan\hooks\index.ts", "TypeScript", 298, 0, 0, 0, 0, 0, 0, 0, 0, 0, 0, 16, 30, 344
"c:\usman\projects\iot-platform-frontend\iot-platform-frontend\src\features\floorPlan\services\EnhancedCADParser.ts", "TypeScript", 778, 0, 0, 0, 0, 0, 0, 0, 0, 0, 0, 18, 95, 891
"c:\usman\projects\iot-platform-frontend\iot-platform-frontend\src\features\floorPlan\services\floorPlanService.ts", "TypeScript", 167, 0, 0, 0, 0, 0, 0, 0, 0, 0, 0, 2, 23, 192
"c:\usman\projects\iot-platform-frontend\iot-platform-frontend\src\features\floorPlan\services\index.ts", "TypeScript", 2, 0, 0, 0, 0, 0, 0, 0, 0, 0, 0, 0, 2, 4
"c:\usman\projects\iot-platform-frontend\iot-platform-frontend\src\features\floorPlan\store\index.ts", "TypeScript", 2, 0, 0, 0, 0, 0, 0, 0, 0, 0, 0, 0, 2, 4
"c:\usman\projects\iot-platform-frontend\iot-platform-frontend\src\features\floorPlan\store\useFloorMapStore.ts", "TypeScript", 240, 0, 0, 0, 0, 0, 0, 0, 0, 0, 0, 23, 42, 305
"c:\usman\projects\iot-platform-frontend\iot-platform-frontend\src\features\floorPlan\types\index.ts", "TypeScript", 60, 0, 0, 0, 0, 0, 0, 0, 0, 0, 0, 0, 5, 65
"c:\usman\projects\iot-platform-frontend\iot-platform-frontend\src\features\integrations\Hooks\index.ts", "TypeScript", 120, 0, 0, 0, 0, 0, 0, 0, 0, 0, 0, 12, 13, 145
"c:\usman\projects\iot-platform-frontend\iot-platform-frontend\src\features\notifications\components\index.tsx", "TypeScript JSX", 0, 0, 0, 0, 0, 0, 0, 0, 1, 0, 0, 1, 0, 2
"c:\usman\projects\iot-platform-frontend\iot-platform-frontend\src\features\notifications\hooks\index.ts", "TypeScript", 50, 0, 0, 0, 0, 0, 0, 0, 0, 0, 0, 0, 4, 54
"c:\usman\projects\iot-platform-frontend\iot-platform-frontend\src\features\notifications\services\notificationServices.ts", "TypeScript", 163, 0, 0, 0, 0, 0, 0, 0, 0, 0, 0, 20, 28, 211
"c:\usman\projects\iot-platform-frontend\iot-platform-frontend\src\features\notifications\stores\index.ts", "TypeScript", 17, 0, 0, 0, 0, 0, 0, 0, 0, 0, 0, 0, 4, 21
"c:\usman\projects\iot-platform-frontend\iot-platform-frontend\src\features\notifications\types\index.ts", "TypeScript", 7, 0, 0, 0, 0, 0, 0, 0, 0, 0, 0, 0, 2, 9
"c:\usman\projects\iot-platform-frontend\iot-platform-frontend\src\features\permissions\hooks\index.ts", "TypeScript", 38, 0, 0, 0, 0, 0, 0, 0, 0, 0, 0, 0, 4, 42
"c:\usman\projects\iot-platform-frontend\iot-platform-frontend\src\features\profiles\components\AssetProfileForm.tsx", "TypeScript JSX", 0, 0, 0, 0, 0, 0, 0, 0, 227, 0, 0, 0, 13, 240
"c:\usman\projects\iot-platform-frontend\iot-platform-frontend\src\features\profiles\components\AssetsProfileDetailsTab.tsx", "TypeScript JSX", 0, 0, 0, 0, 0, 0, 0, 0, 264, 0, 0, 2, 14, 280
"c:\usman\projects\iot-platform-frontend\iot-platform-frontend\src\features\profiles\components\DeviceProfileAlarmRulesTab.tsx", "TypeScript JSX", 0, 0, 0, 0, 0, 0, 0, 0, 93, 0, 0, 2, 12, 107
"c:\usman\projects\iot-platform-frontend\iot-platform-frontend\src\features\profiles\components\DeviceProfileDetailsTab.tsx", "TypeScript JSX", 0, 0, 0, 0, 0, 0, 0, 0, 105, 0, 0, 14, 11, 130
"c:\usman\projects\iot-platform-frontend\iot-platform-frontend\src\features\profiles\components\DeviceProfileMultiStepForm.tsx", "TypeScript JSX", 0, 0, 0, 0, 0, 0, 0, 0, 273, 0, 0, 17, 20, 310
"c:\usman\projects\iot-platform-frontend\iot-platform-frontend\src\features\profiles\components\DeviceProfileProvisioningTab.tsx", "TypeScript JSX", 0, 0, 0, 0, 0, 0, 0, 0, 96, 0, 0, 2, 11, 109
"c:\usman\projects\iot-platform-frontend\iot-platform-frontend\src\features\profiles\components\DeviceProfileTransportTab.tsx", "TypeScript JSX", 0, 0, 0, 0, 0, 0, 0, 0, 98, 0, 0, 2, 11, 111
"c:\usman\projects\iot-platform-frontend\iot-platform-frontend\src\features\profiles\components\Stepper.tsx", "TypeScript JSX", 0, 0, 0, 0, 0, 0, 0, 0, 89, 0, 0, 3, 7, 99
"c:\usman\projects\iot-platform-frontend\iot-platform-frontend\src\features\profiles\components\index.ts", "TypeScript", 8, 0, 0, 0, 0, 0, 0, 0, 0, 0, 0, 0, 0, 8
"c:\usman\projects\iot-platform-frontend\iot-platform-frontend\src\features\profiles\components\steps\Step1DeviceProfileDetails.tsx", "TypeScript JSX", 0, 0, 0, 0, 0, 0, 0, 0, 145, 0, 0, 31, 8, 184
"c:\usman\projects\iot-platform-frontend\iot-platform-frontend\src\features\profiles\components\steps\Step2TransportConfiguration.tsx", "TypeScript JSX", 0, 0, 0, 0, 0, 0, 0, 0, 249, 0, 0, 0, 10, 259
"c:\usman\projects\iot-platform-frontend\iot-platform-frontend\src\features\profiles\components\steps\Step3AlarmRules.tsx", "TypeScript JSX", 0, 0, 0, 0, 0, 0, 0, 0, 156, 0, 0, 0, 10, 166
"c:\usman\projects\iot-platform-frontend\iot-platform-frontend\src\features\profiles\components\steps\Step4DeviceProvisioning.tsx", "TypeScript JSX", 0, 0, 0, 0, 0, 0, 0, 0, 102, 0, 0, 0, 5, 107
"c:\usman\projects\iot-platform-frontend\iot-platform-frontend\src\features\profiles\hooks\index.ts", "TypeScript", 188, 0, 0, 0, 0, 0, 0, 0, 0, 0, 0, 94, 22, 304
"c:\usman\projects\iot-platform-frontend\iot-platform-frontend\src\features\profiles\services\profilesServices.ts", "TypeScript", 0, 0, 0, 0, 0, 0, 0, 0, 0, 0, 0, 0, 1, 1
"c:\usman\projects\iot-platform-frontend\iot-platform-frontend\src\features\profiles\stores\index.ts", "TypeScript", 17, 0, 0, 0, 0, 0, 0, 0, 0, 0, 0, 0, 4, 21
"c:\usman\projects\iot-platform-frontend\iot-platform-frontend\src\features\profiles\types\asset-profile-form.schema.ts", "TypeScript", 15, 0, 0, 0, 0, 0, 0, 0, 0, 0, 0, 0, 4, 19
"c:\usman\projects\iot-platform-frontend\iot-platform-frontend\src\features\profiles\types\asset-profile-form.types.ts", "TypeScript", 16, 0, 0, 0, 0, 0, 0, 0, 0, 0, 0, 0, 2, 18
"c:\usman\projects\iot-platform-frontend\iot-platform-frontend\src\features\profiles\types\device-profile-form.schema.ts", "TypeScript", 136, 0, 0, 0, 0, 0, 0, 0, 0, 0, 0, 19, 19, 174
"c:\usman\projects\iot-platform-frontend\iot-platform-frontend\src\features\profiles\types\device-profile-form.types.ts", "TypeScript", 55, 0, 0, 0, 0, 0, 0, 0, 0, 0, 0, 2, 7, 64
"c:\usman\projects\iot-platform-frontend\iot-platform-frontend\src\features\profiles\types\index.ts", "TypeScript", 8, 0, 0, 0, 0, 0, 0, 0, 0, 0, 0, 0, 3, 11
"c:\usman\projects\iot-platform-frontend\iot-platform-frontend\src\features\roles\hooks\index.ts", "TypeScript", 88, 0, 0, 0, 0, 0, 0, 0, 0, 0, 0, 0, 10, 98
"c:\usman\projects\iot-platform-frontend\iot-platform-frontend\src\features\roles\services\rolesService.ts", "TypeScript", 47, 0, 0, 0, 0, 0, 0, 0, 0, 0, 0, 0, 10, 57
"c:\usman\projects\iot-platform-frontend\iot-platform-frontend\src\features\rules\components\RuleChainEditor.tsx", "TypeScript JSX", 0, 0, 0, 0, 0, 0, 0, 0, 0, 0, 0, 0, 1, 1
"c:\usman\projects\iot-platform-frontend\iot-platform-frontend\src\features\rules\components\RuleChainList.tsx", "TypeScript JSX", 0, 0, 0, 0, 0, 0, 0, 0, 0, 0, 0, 0, 1, 1
"c:\usman\projects\iot-platform-frontend\iot-platform-frontend\src\features\rules\components\RuleNodeLibrary.tsx", "TypeScript JSX", 0, 0, 0, 0, 0, 0, 0, 0, 0, 0, 0, 0, 1, 1
"c:\usman\projects\iot-platform-frontend\iot-platform-frontend\src\features\rules\hooks\index.ts", "TypeScript", 363, 0, 0, 0, 0, 0, 0, 0, 0, 0, 0, 9, 44, 416
"c:\usman\projects\iot-platform-frontend\iot-platform-frontend\src\features\schedules\hooks\index.ts", "TypeScript", 139, 0, 0, 0, 0, 0, 0, 0, 0, 0, 0, 1, 13, 153
"c:\usman\projects\iot-platform-frontend\iot-platform-frontend\src\features\schedules\services\schedulesService.ts", "TypeScript", 52, 0, 0, 0, 0, 0, 0, 0, 0, 0, 0, 0, 12, 64
"c:\usman\projects\iot-platform-frontend\iot-platform-frontend\src\features\settings\Schema\Account.schema.ts", "TypeScript", 12, 0, 0, 0, 0, 0, 0, 0, 0, 0, 0, 0, 1, 13
"c:\usman\projects\iot-platform-frontend\iot-platform-frontend\src\features\settings\Schema\CreateUser.ts", "TypeScript", 14, 0, 0, 0, 0, 0, 0, 0, 0, 0, 0, 0, 1, 15
"c:\usman\projects\iot-platform-frontend\iot-platform-frontend\src\features\settings\Schema\index.ts", "TypeScript", 2, 0, 0, 0, 0, 0, 0, 0, 0, 0, 0, 0, 0, 2
"c:\usman\projects\iot-platform-frontend\iot-platform-frontend\src\features\settings\components\AccountTab.tsx", "TypeScript JSX", 0, 0, 0, 0, 0, 0, 0, 0, 512, 0, 0, 8, 25, 545
"c:\usman\projects\iot-platform-frontend\iot-platform-frontend\src\features\settings\components\Disable2FAModal.tsx", "TypeScript JSX", 0, 0, 0, 0, 0, 0, 0, 0, 129, 0, 0, 7, 16, 152
"c:\usman\projects\iot-platform-frontend\iot-platform-frontend\src\features\settings\components\Enable2FAModal.tsx", "TypeScript JSX", 0, 0, 0, 0, 0, 0, 0, 0, 167, 0, 0, 7, 19, 193
"c:\usman\projects\iot-platform-frontend\iot-platform-frontend\src\features\settings\components\GeneralSettingsTab.tsx", "TypeScript JSX", 0, 0, 0, 0, 0, 0, 0, 0, 208, 0, 0, 9, 15, 232
"c:\usman\projects\iot-platform-frontend\iot-platform-frontend\src\features\settings\components\NotificationsTab.tsx", "TypeScript JSX", 0, 0, 0, 0, 0, 0, 0, 0, 158, 0, 0, 5, 13, 176
"c:\usman\projects\iot-platform-frontend\iot-platform-frontend\src\features\settings\components\SecurityTab.tsx", "TypeScript JSX", 0, 0, 0, 0, 0, 0, 0, 0, 440, 0, 0, 19, 24, 483
"c:\usman\projects\iot-platform-frontend\iot-platform-frontend\src\features\settings\components\index.ts", "TypeScript", 4, 0, 0, 0, 0, 0, 0, 0, 0, 0, 0, 0, 2, 6
"c:\usman\projects\iot-platform-frontend\iot-platform-frontend\src\features\settings\hooks\index.ts", "TypeScript", 4, 0, 0, 0, 0, 0, 0, 0, 0, 0, 0, 0, 2, 6
"c:\usman\projects\iot-platform-frontend\iot-platform-frontend\src\features\settings\hooks\useAccountSettings.ts", "TypeScript", 27, 0, 0, 0, 0, 0, 0, 0, 0, 0, 0, 0, 3, 30
"c:\usman\projects\iot-platform-frontend\iot-platform-frontend\src\features\settings\hooks\useGeneralSettings.ts", "TypeScript", 108, 0, 0, 0, 0, 0, 0, 0, 0, 0, 0, 7, 12, 127
"c:\usman\projects\iot-platform-frontend\iot-platform-frontend\src\features\settings\hooks\useNotificationSettings.ts", "TypeScript", 35, 0, 0, 0, 0, 0, 0, 0, 0, 0, 0, 0, 8, 43
"c:\usman\projects\iot-platform-frontend\iot-platform-frontend\src\features\settings\hooks\useSecuritySettings.ts", "TypeScript", 224, 0, 0, 0, 0, 0, 0, 0, 0, 0, 0, 9, 23, 256
"c:\usman\projects\iot-platform-frontend\iot-platform-frontend\src\features\settings\services\settingsService.ts", "TypeScript", 127, 0, 0, 0, 0, 0, 0, 0, 0, 0, 0, 12, 19, 158
"c:\usman\projects\iot-platform-frontend\iot-platform-frontend\src\features\settings\types\settings.types.ts", "TypeScript", 36, 0, 0, 0, 0, 0, 0, 0, 0, 0, 0, 1, 6, 43
"c:\usman\projects\iot-platform-frontend\iot-platform-frontend\src\features\solution-templates\hooks\index.ts", "TypeScript", 2, 0, 0, 0, 0, 0, 0, 0, 0, 0, 0, 0, 2, 4
"c:\usman\projects\iot-platform-frontend\iot-platform-frontend\src\features\solution-templates\hooks\useSolutionTemplates.ts", "TypeScript", 264, 0, 0, 0, 0, 0, 0, 0, 0, 0, 0, 36, 39, 339
"c:\usman\projects\iot-platform-frontend\iot-platform-frontend\src\features\solution-templates\services\solution-templates.api.ts", "TypeScript", 101, 0, 0, 0, 0, 0, 0, 0, 0, 0, 0, 12, 18, 131
"c:\usman\projects\iot-platform-frontend\iot-platform-frontend\src\features\users\components\Customer.tsx", "TypeScript JSX", 0, 0, 0, 0, 0, 0, 0, 0, 234, 0, 0, 1, 9, 244
"c:\usman\projects\iot-platform-frontend\iot-platform-frontend\src\features\users\components\CustomerUsers.jsx", "JavaScript JSX", 0, 0, 0, 0, 0, 0, 0, 0, 0, 0, 143, 1, 4, 148
"c:\usman\projects\iot-platform-frontend\iot-platform-frontend\src\features\users\components\DevicesListCustomers.tsx", "TypeScript JSX", 0, 0, 0, 0, 0, 0, 0, 0, 17, 0, 0, 0, 4, 21
"c:\usman\projects\iot-platform-frontend\iot-platform-frontend\src\features\users\components\Roles.tsx", "TypeScript JSX", 0, 0, 0, 0, 0, 0, 0, 0, 267, 0, 0, 2, 12, 281
"c:\usman\projects\iot-platform-frontend\iot-platform-frontend\src\features\users\components\UserActivityLog.tsx", "TypeScript JSX", 0, 0, 0, 0, 0, 0, 0, 0, 65, 0, 0, 0, 5, 70
"c:\usman\projects\iot-platform-frontend\iot-platform-frontend\src\features\users\components\UserDetailsCard.tsx", "TypeScript JSX", 0, 0, 0, 0, 0, 0, 0, 0, 301, 0, 0, 1, 15, 317
"c:\usman\projects\iot-platform-frontend\iot-platform-frontend\src\features\users\components\Users.tsx", "TypeScript JSX", 0, 0, 0, 0, 0, 0, 0, 0, 382, 0, 0, 2, 21, 405
"c:\usman\projects\iot-platform-frontend\iot-platform-frontend\src\features\users\components\index.tsx", "TypeScript JSX", 0, 0, 0, 0, 0, 0, 0, 0, 1, 0, 0, 1, 0, 2
"c:\usman\projects\iot-platform-frontend\iot-platform-frontend\src\features\users\hooks\index.ts", "TypeScript", 227, 0, 0, 0, 0, 0, 0, 0, 0, 0, 0, 5, 20, 252
"c:\usman\projects\iot-platform-frontend\iot-platform-frontend\src\features\users\services\usersService.ts", "TypeScript", 168, 0, 0, 0, 0, 0, 0, 0, 0, 0, 0, 30, 32, 230
"c:\usman\projects\iot-platform-frontend\iot-platform-frontend\src\features\users\stores\index.ts", "TypeScript", 26, 0, 0, 0, 0, 0, 0, 0, 0, 0, 0, 0, 4, 30
"c:\usman\projects\iot-platform-frontend\iot-platform-frontend\src\features\users\types\index.ts", "TypeScript", 14, 0, 0, 0, 0, 0, 0, 0, 0, 0, 0, 0, 3, 17
"c:\usman\projects\iot-platform-frontend\iot-platform-frontend\src\features\widgets\components\index.tsx", "TypeScript JSX", 0, 0, 0, 0, 0, 0, 0, 0, 1, 0, 0, 1, 0, 2
"c:\usman\projects\iot-platform-frontend\iot-platform-frontend\src\features\widgets\hooks\index.ts", "TypeScript", 21, 0, 0, 0, 0, 0, 0, 0, 0, 0, 0, 0, 3, 24
"c:\usman\projects\iot-platform-frontend\iot-platform-frontend\src\features\widgets\services\widgetsService.ts", "TypeScript", 278, 0, 0, 0, 0, 0, 0, 0, 0, 0, 0, 14, 47, 339
"c:\usman\projects\iot-platform-frontend\iot-platform-frontend\src\features\widgets\stores\index.ts", "TypeScript", 17, 0, 0, 0, 0, 0, 0, 0, 0, 0, 0, 0, 4, 21
"c:\usman\projects\iot-platform-frontend\iot-platform-frontend\src\features\widgets\types\index.ts", "TypeScript", 6, 0, 0, 0, 0, 0, 0, 0, 0, 0, 0, 0, 1, 7
"c:\usman\projects\iot-platform-frontend\iot-platform-frontend\src\hooks\use-toast.ts", "TypeScript", 10, 0, 0, 0, 0, 0, 0, 0, 0, 0, 0, 0, 2, 12
"c:\usman\projects\iot-platform-frontend\iot-platform-frontend\src\hooks\useDebounce.ts", "TypeScript", 13, 0, 0, 0, 0, 0, 0, 0, 0, 0, 0, 0, 4, 17
"c:\usman\projects\iot-platform-frontend\iot-platform-frontend\src\hooks\useInfiniteScroll.ts", "TypeScript", 36, 0, 0, 0, 0, 0, 0, 0, 0, 0, 0, 0, 8, 44
"c:\usman\projects\iot-platform-frontend\iot-platform-frontend\src\hooks\useInitializeSettings.ts", "TypeScript", 41, 0, 0, 0, 0, 0, 0, 0, 0, 0, 0, 5, 8, 54
"c:\usman\projects\iot-platform-frontend\iot-platform-frontend\src\hooks\useKeyboardShortcut.ts", "TypeScript", 34, 0, 0, 0, 0, 0, 0, 0, 0, 0, 0, 1, 8, 43
"c:\usman\projects\iot-platform-frontend\iot-platform-frontend\src\hooks\useLocalStorage.ts", "TypeScript", 22, 0, 0, 0, 0, 0, 0, 0, 0, 0, 0, 0, 3, 25
"c:\usman\projects\iot-platform-frontend\iot-platform-frontend\src\hooks\useMediaQuery.ts", "TypeScript", 17, 0, 0, 0, 0, 0, 0, 0, 0, 0, 0, 1, 7, 25
"c:\usman\projects\iot-platform-frontend\iot-platform-frontend\src\hooks\useRTL.ts", "TypeScript", 14, 0, 0, 0, 0, 0, 0, 0, 0, 0, 0, 0, 3, 17
"c:\usman\projects\iot-platform-frontend\iot-platform-frontend\src\hooks\useWebSocket.ts", "TypeScript", 24, 0, 0, 0, 0, 0, 0, 0, 0, 0, 0, 0, 6, 30
"c:\usman\projects\iot-platform-frontend\iot-platform-frontend\src\i18n\__tests__\config.test.ts", "TypeScript", 53, 0, 0, 0, 0, 0, 0, 0, 0, 0, 0, 0, 12, 65
"c:\usman\projects\iot-platform-frontend\iot-platform-frontend\src\i18n\__tests__\i18n.test.ts", "TypeScript", 71, 0, 0, 0, 0, 0, 0, 0, 0, 0, 0, 5, 24, 100
"c:\usman\projects\iot-platform-frontend\iot-platform-frontend\src\i18n\__tests__\languages.test.ts", "TypeScript", 64, 0, 0, 0, 0, 0, 0, 0, 0, 0, 0, 0, 17, 81
"c:\usman\projects\iot-platform-frontend\iot-platform-frontend\src\i18n\__tests__\translations-completeness.test.ts", "TypeScript", 70, 0, 0, 0, 0, 0, 0, 0, 0, 0, 0, 1, 24, 95
"c:\usman\projects\iot-platform-frontend\iot-platform-frontend\src\i18n\config.ts", "TypeScript", 29, 0, 0, 0, 0, 0, 0, 0, 0, 0, 0, 5, 7, 41
"c:\usman\projects\iot-platform-frontend\iot-platform-frontend\src\i18n\i18n.ts", "TypeScript", 43, 0, 0, 0, 0, 0, 0, 0, 0, 0, 0, 4, 11, 58
"c:\usman\projects\iot-platform-frontend\iot-platform-frontend\src\i18n\languages.ts", "TypeScript", 30, 0, 0, 0, 0, 0, 0, 0, 0, 0, 0, 0, 6, 36
"c:\usman\projects\iot-platform-frontend\iot-platform-frontend\src\i18n\locales\ar.json", "JSON", 0, 1884, 0, 0, 0, 0, 0, 0, 0, 0, 0, 0, 1, 1885
"c:\usman\projects\iot-platform-frontend\iot-platform-frontend\src\i18n\locales\en.json", "JSON", 0, 1929, 0, 0, 0, 0, 0, 0, 0, 0, 0, 0, 1, 1930
"c:\usman\projects\iot-platform-frontend\iot-platform-frontend\src\i18n\translations.ts", "TypeScript", 538, 0, 0, 0, 0, 0, 0, 0, 0, 0, 0, 10, 22, 570
"c:\usman\projects\iot-platform-frontend\iot-platform-frontend\src\lib\axios.ts", "TypeScript", 98, 0, 0, 0, 0, 0, 0, 0, 0, 0, 0, 22, 25, 145
"c:\usman\projects\iot-platform-frontend\iot-platform-frontend\src\lib\queryClient.ts", "TypeScript", 16, 0, 0, 0, 0, 0, 0, 0, 0, 0, 0, 0, 1, 17
"c:\usman\projects\iot-platform-frontend\iot-platform-frontend\src\lib\util.ts", "TypeScript", 106, 0, 0, 0, 0, 0, 0, 0, 0, 0, 0, 0, 17, 123
"c:\usman\projects\iot-platform-frontend\iot-platform-frontend\src\lib\websocket.ts", "TypeScript", 42, 0, 0, 0, 0, 0, 0, 0, 0, 0, 0, 0, 10, 52
"c:\usman\projects\iot-platform-frontend\iot-platform-frontend\src\main.tsx", "TypeScript JSX", 0, 0, 0, 0, 0, 0, 0, 0, 4, 0, 0, 0, 3, 7
"c:\usman\projects\iot-platform-frontend\iot-platform-frontend\src\pages\APIMonitoringPage.tsx", "TypeScript JSX", 0, 0, 0, 0, 0, 0, 0, 0, 321, 0, 0, 6, 21, 348
"c:\usman\projects\iot-platform-frontend\iot-platform-frontend\src\pages\AccountBlockedPage.tsx", "TypeScript JSX", 0, 0, 0, 0, 0, 0, 0, 0, 12, 0, 0, 0, 2, 14
"c:\usman\projects\iot-platform-frontend\iot-platform-frontend\src\pages\AddIntegrationPage.tsx", "TypeScript JSX", 0, 0, 0, 0, 0, 0, 0, 0, 298, 0, 0, 4, 14, 316
"c:\usman\projects\iot-platform-frontend\iot-platform-frontend\src\pages\AlarmsPage.tsx", "TypeScript JSX", 0, 0, 0, 0, 0, 0, 0, 0, 186, 0, 0, 0, 5, 191
"c:\usman\projects\iot-platform-frontend\iot-platform-frontend\src\pages\AlertConfigurationPage.tsx", "TypeScript JSX", 0, 0, 0, 0, 0, 0, 0, 0, 377, 0, 0, 7, 15, 399
"c:\usman\projects\iot-platform-frontend\iot-platform-frontend\src\pages\AnalyticsPage.tsx", "TypeScript JSX", 0, 0, 0, 0, 0, 0, 0, 0, 389, 0, 0, 12, 18, 419
"c:\usman\projects\iot-platform-frontend\iot-platform-frontend\src\pages\AssetDetailsPage.tsx", "TypeScript JSX", 0, 0, 0, 0, 0, 0, 0, 0, 513, 0, 0, 17, 24, 554
"c:\usman\projects\iot-platform-frontend\iot-platform-frontend\src\pages\AssetProfileDetails.tsx", "TypeScript JSX", 0, 0, 0, 0, 0, 0, 0, 0, 70, 0, 0, 2, 7, 79
"c:\usman\projects\iot-platform-frontend\iot-platform-frontend\src\pages\AssetProfilesPage.tsx", "TypeScript JSX", 0, 0, 0, 0, 0, 0, 0, 0, 297, 0, 0, 4, 18, 319
"c:\usman\projects\iot-platform-frontend\iot-platform-frontend\src\pages\AssetsPage.tsx", "TypeScript JSX", 0, 0, 0, 0, 0, 0, 0, 0, 277, 0, 0, 10, 11, 298
"c:\usman\projects\iot-platform-frontend\iot-platform-frontend\src\pages\AssignPermissionsPage.tsx", "TypeScript JSX", 0, 0, 0, 0, 0, 0, 0, 0, 373, 0, 0, 15, 28, 416
"c:\usman\projects\iot-platform-frontend\iot-platform-frontend\src\pages\AuditPage.tsx", "TypeScript JSX", 0, 0, 0, 0, 0, 0, 0, 0, 119, 0, 0, 2, 8, 129
"c:\usman\projects\iot-platform-frontend\iot-platform-frontend\src\pages\AutomationPage.tsx", "TypeScript JSX", 0, 0, 0, 0, 0, 0, 0, 0, 576, 0, 0, 8, 32, 616
"c:\usman\projects\iot-platform-frontend\iot-platform-frontend\src\pages\BuildingHierarchyChartPage.tsx", "TypeScript JSX", 0, 0, 0, 0, 0, 0, 0, 0, 361, 0, 0, 4, 19, 384
"c:\usman\projects\iot-platform-frontend\iot-platform-frontend\src\pages\BulkUserManagementPage.tsx", "TypeScript JSX", 0, 0, 0, 0, 0, 0, 0, 0, 797, 0, 0, 14, 36, 847
"c:\usman\projects\iot-platform-frontend\iot-platform-frontend\src\pages\CheckEmailPage.tsx", "TypeScript JSX", 0, 0, 0, 0, 0, 0, 0, 0, 9, 0, 0, 0, 4, 13
"c:\usman\projects\iot-platform-frontend\iot-platform-frontend\src\pages\CompanyProfilePage.tsx", "TypeScript JSX", 0, 0, 0, 0, 0, 0, 0, 0, 114, 0, 0, 0, 9, 123
"c:\usman\projects\iot-platform-frontend\iot-platform-frontend\src\pages\CreateCustomerPage.tsx", "TypeScript JSX", 0, 0, 0, 0, 0, 0, 0, 0, 498, 0, 0, 18, 22, 538
"c:\usman\projects\iot-platform-frontend\iot-platform-frontend\src\pages\CreateDashboardPage.tsx", "TypeScript JSX", 0, 0, 0, 0, 0, 0, 0, 0, 184, 0, 0, 15, 22, 221
"c:\usman\projects\iot-platform-frontend\iot-platform-frontend\src\pages\CreateGroupPage.tsx", "TypeScript JSX", 0, 0, 0, 0, 0, 0, 0, 0, 263, 0, 0, 14, 30, 307
"c:\usman\projects\iot-platform-frontend\iot-platform-frontend\src\pages\CreateRolePage.tsx", "TypeScript JSX", 0, 0, 0, 0, 0, 0, 0, 0, 329, 0, 0, 9, 21, 359
"c:\usman\projects\iot-platform-frontend\iot-platform-frontend\src\pages\CreateTemplatePage.tsx", "TypeScript JSX", 0, 0, 0, 0, 0, 0, 0, 0, 277, 0, 0, 13, 24, 314
"c:\usman\projects\iot-platform-frontend\iot-platform-frontend\src\pages\CreateUserPage.tsx", "TypeScript JSX", 0, 0, 0, 0, 0, 0, 0, 0, 266, 0, 0, 3, 17, 286
"c:\usman\projects\iot-platform-frontend\iot-platform-frontend\src\pages\CustomerDetailsPage.tsx", "TypeScript JSX", 0, 0, 0, 0, 0, 0, 0, 0, 182, 0, 0, 10, 14, 206
"c:\usman\projects\iot-platform-frontend\iot-platform-frontend\src\pages\CustomerUserAssociationPage.tsx", "TypeScript JSX", 0, 0, 0, 0, 0, 0, 0, 0, 407, 0, 0, 11, 23, 441
"c:\usman\projects\iot-platform-frontend\iot-platform-frontend\src\pages\CustomerUserDetailsPage.tsx", "TypeScript JSX", 0, 0, 0, 0, 0, 0, 0, 0, 335, 0, 0, 13, 25, 373
"c:\usman\projects\iot-platform-frontend\iot-platform-frontend\src\pages\DashboardAnalyticsPage.tsx", "TypeScript JSX", 0, 0, 0, 0, 0, 0, 0, 0, 392, 0, 0, 18, 17, 427
"c:\usman\projects\iot-platform-frontend\iot-platform-frontend\src\pages\DashboardPage.tsx", "TypeScript JSX", 0, 0, 0, 0, 0, 0, 0, 0, 315, 0, 0, 45, 14, 374
"c:\usman\projects\iot-platform-frontend\iot-platform-frontend\src\pages\DashboardsPage.tsx", "TypeScript JSX", 0, 0, 0, 0, 0, 0, 0, 0, 183, 0, 0, 11, 11, 205
"c:\usman\projects\iot-platform-frontend\iot-platform-frontend\src\pages\DeviceAnalyticsPage.tsx", "TypeScript JSX", 0, 0, 0, 0, 0, 0, 0, 0, 306, 0, 0, 17, 13, 336
"c:\usman\projects\iot-platform-frontend\iot-platform-frontend\src\pages\DeviceDetailsPage.tsx", "TypeScript JSX", 0, 0, 0, 0, 0, 0, 0, 0, 101, 0, 0, 5, 10, 116
"c:\usman\projects\iot-platform-frontend\iot-platform-frontend\src\pages\DeviceProfileDetails.tsx", "TypeScript JSX", 0, 0, 0, 0, 0, 0, 0, 0, 217, 0, 0, 3, 17, 237
"c:\usman\projects\iot-platform-frontend\iot-platform-frontend\src\pages\DeviceProfilesPage.tsx", "TypeScript JSX", 0, 0, 0, 0, 0, 0, 0, 0, 243, 0, 0, 5, 15, 263
"c:\usman\projects\iot-platform-frontend\iot-platform-frontend\src\pages\DevicesPage.tsx", "TypeScript JSX", 0, 0, 0, 0, 0, 0, 0, 0, 378, 0, 0, 12, 17, 407
"c:\usman\projects\iot-platform-frontend\iot-platform-frontend\src\pages\EdgeManagementPage.tsx", "TypeScript JSX", 0, 0, 0, 0, 0, 0, 0, 0, 392, 0, 0, 5, 22, 419
"c:\usman\projects\iot-platform-frontend\iot-platform-frontend\src\pages\EditRolePage.tsx", "TypeScript JSX", 0, 0, 0, 0, 0, 0, 0, 0, 327, 0, 0, 13, 21, 361
"c:\usman\projects\iot-platform-frontend\iot-platform-frontend\src\pages\EmailVerification.tsx", "TypeScript JSX", 0, 0, 0, 0, 0, 0, 0, 0, 62, 0, 0, 0, 7, 69
"c:\usman\projects\iot-platform-frontend\iot-platform-frontend\src\pages\FloorMapCreatePage.tsx", "TypeScript JSX", 0, 0, 0, 0, 0, 0, 0, 0, 232, 0, 0, 12, 31, 275
"c:\usman\projects\iot-platform-frontend\iot-platform-frontend\src\pages\FloorMapHistoryPage.tsx", "TypeScript JSX", 0, 0, 0, 0, 0, 0, 0, 0, 259, 0, 0, 7, 19, 285
"c:\usman\projects\iot-platform-frontend\iot-platform-frontend\src\pages\FloorMapSettingsPage.tsx", "TypeScript JSX", 0, 0, 0, 0, 0, 0, 0, 0, 222, 0, 0, 6, 18, 246
"c:\usman\projects\iot-platform-frontend\iot-platform-frontend\src\pages\FloorPlanPage.tsx", "TypeScript JSX", 0, 0, 0, 0, 0, 0, 0, 0, 802, 0, 0, 26, 43, 871
"c:\usman\projects\iot-platform-frontend\iot-platform-frontend\src\pages\ForgotPasswordPage.tsx", "TypeScript JSX", 0, 0, 0, 0, 0, 0, 0, 0, 15, 0, 0, 1, 3, 19
"c:\usman\projects\iot-platform-frontend\iot-platform-frontend\src\pages\GeoAnalyticsPage.tsx", "TypeScript JSX", 0, 0, 0, 0, 0, 0, 0, 0, 447, 0, 0, 28, 17, 492
"c:\usman\projects\iot-platform-frontend\iot-platform-frontend\src\pages\GroupsPage.tsx", "TypeScript JSX", 0, 0, 0, 0, 0, 0, 0, 0, 58, 0, 0, 0, 6, 64
"c:\usman\projects\iot-platform-frontend\iot-platform-frontend\src\pages\ImageLibraryPage.tsx", "TypeScript JSX", 0, 0, 0, 0, 0, 0, 0, 0, 56, 0, 0, 0, 6, 62
"c:\usman\projects\iot-platform-frontend\iot-platform-frontend\src\pages\IndividualDeviceAnalyticsPage.tsx", "TypeScript JSX", 0, 0, 0, 0, 0, 0, 0, 0, 465, 0, 0, 14, 20, 499
"c:\usman\projects\iot-platform-frontend\iot-platform-frontend\src\pages\IntegrationDetailsPage.tsx", "TypeScript JSX", 0, 0, 0, 0, 0, 0, 0, 0, 413, 0, 0, 5, 13, 431
"c:\usman\projects\iot-platform-frontend\iot-platform-frontend\src\pages\IntegrationsPage.tsx", "TypeScript JSX", 0, 0, 0, 0, 0, 0, 0, 0, 423, 0, 0, 2, 19, 444
"c:\usman\projects\iot-platform-frontend\iot-platform-frontend\src\pages\LoginPage.tsx", "TypeScript JSX", 0, 0, 0, 0, 0, 0, 0, 0, 60, 0, 0, 3, 5, 68
"c:\usman\projects\iot-platform-frontend\iot-platform-frontend\src\pages\MainControlPanelPage.tsx", "TypeScript JSX", 0, 0, 0, 0, 0, 0, 0, 0, 452, 0, 0, 12, 22, 486
"c:\usman\projects\iot-platform-frontend\iot-platform-frontend\src\pages\MainDashboardPage.tsx", "TypeScript JSX", 0, 0, 0, 0, 0, 0, 0, 0, 254, 0, 0, 6, 10, 270
"c:\usman\projects\iot-platform-frontend\iot-platform-frontend\src\pages\MultiFloorBuildingViewPage.tsx", "TypeScript JSX", 0, 0, 0, 0, 0, 0, 0, 0, 395, 0, 0, 14, 24, 433
"c:\usman\projects\iot-platform-frontend\iot-platform-frontend\src\pages\NotFoundPage.tsx", "TypeScript JSX", 0, 0, 0, 0, 0, 0, 0, 0, 55, 0, 0, 3, 8, 66
"c:\usman\projects\iot-platform-frontend\iot-platform-frontend\src\pages\NotificationsPage.tsx", "TypeScript JSX", 0, 0, 0, 0, 0, 0, 0, 0, 105, 0, 0, 0, 3, 108
"c:\usman\projects\iot-platform-frontend\iot-platform-frontend\src\pages\OAuthCallbackPage.tsx", "TypeScript JSX", 0, 0, 0, 0, 0, 0, 0, 0, 142, 0, 0, 10, 18, 170
"c:\usman\projects\iot-platform-frontend\iot-platform-frontend\src\pages\Overview2Page.tsx", "TypeScript JSX", 0, 0, 0, 0, 0, 0, 0, 0, 398, 0, 0, 0, 19, 417
"c:\usman\projects\iot-platform-frontend\iot-platform-frontend\src\pages\OverviewPage.tsx", "TypeScript JSX", 0, 0, 0, 0, 0, 0, 0, 0, 472, 0, 0, 35, 30, 537
"c:\usman\projects\iot-platform-frontend\iot-platform-frontend\src\pages\PinCodeVerificationPage.tsx", "TypeScript JSX", 0, 0, 0, 0, 0, 0, 0, 0, 15, 0, 0, 0, 4, 19
"c:\usman\projects\iot-platform-frontend\iot-platform-frontend\src\pages\PrivateNotFoundPage.tsx", "TypeScript JSX", 0, 0, 0, 0, 0, 0, 0, 0, 53, 0, 0, 3, 9, 65
"c:\usman\projects\iot-platform-frontend\iot-platform-frontend\src\pages\ProductionOverviewPage.tsx", "TypeScript JSX", 0, 0, 0, 0, 0, 0, 0, 0, 321, 0, 0, 18, 16, 355
"c:\usman\projects\iot-platform-frontend\iot-platform-frontend\src\pages\ProfileSettingsPage.tsx", "TypeScript JSX", 0, 0, 0, 0, 0, 0, 0, 0, 240, 0, 0, 1, 22, 263
"c:\usman\projects\iot-platform-frontend\iot-platform-frontend\src\pages\PublicNotFoundPage.tsx", "TypeScript JSX", 0, 0, 0, 0, 0, 0, 0, 0, 49, 0, 0, 2, 9, 60
"c:\usman\projects\iot-platform-frontend\iot-platform-frontend\src\pages\RegisterPage.tsx", "TypeScript JSX", 0, 0, 0, 0, 0, 0, 0, 0, 10, 0, 0, 0, 1, 11
"c:\usman\projects\iot-platform-frontend\iot-platform-frontend\src\pages\ReportTemplatesPage.tsx", "TypeScript JSX", 0, 0, 0, 0, 0, 0, 0, 0, 299, 0, 0, 6, 16, 321
"c:\usman\projects\iot-platform-frontend\iot-platform-frontend\src\pages\ResetPasswordPage.tsx", "TypeScript JSX", 0, 0, 0, 0, 0, 0, 0, 0, 10, 0, 0, 0, 3, 13
"c:\usman\projects\iot-platform-frontend\iot-platform-frontend\src\pages\RolePermissionManagementPage.tsx", "TypeScript JSX", 0, 0, 0, 0, 0, 0, 0, 0, 256, 0, 0, 2, 22, 280
"c:\usman\projects\iot-platform-frontend\iot-platform-frontend\src\pages\RouteErrorPage.tsx", "TypeScript JSX", 0, 0, 0, 0, 0, 0, 0, 0, 79, 0, 0, 2, 8, 89
"c:\usman\projects\iot-platform-frontend\iot-platform-frontend\src\pages\RuleChainsPage.tsx", "TypeScript JSX", 0, 0, 0, 0, 0, 0, 0, 0, 0, 0, 0, 0, 1, 1
"c:\usman\projects\iot-platform-frontend\iot-platform-frontend\src\pages\ScheduleManagementPage.tsx", "TypeScript JSX", 0, 0, 0, 0, 0, 0, 0, 0, 130, 0, 0, 0, 8, 138
"c:\usman\projects\iot-platform-frontend\iot-platform-frontend\src\pages\ScriptLibrary.tsx", "TypeScript JSX", 0, 0, 0, 0, 0, 0, 0, 0, 64, 0, 0, 0, 7, 71
"c:\usman\projects\iot-platform-frontend\iot-platform-frontend\src\pages\SearchResultsPage.tsx", "TypeScript JSX", 0, 0, 0, 0, 0, 0, 0, 0, 352, 0, 0, 8, 15, 375
"c:\usman\projects\iot-platform-frontend\iot-platform-frontend\src\pages\SelectRolePage.tsx", "TypeScript JSX", 0, 0, 0, 0, 0, 0, 0, 0, 15, 0, 0, 0, 4, 19
"c:\usman\projects\iot-platform-frontend\iot-platform-frontend\src\pages\SetPasswordPage.tsx", "TypeScript JSX", 0, 0, 0, 0, 0, 0, 0, 0, 126, 0, 0, 5, 12, 143
"c:\usman\projects\iot-platform-frontend\iot-platform-frontend\src\pages\SettingsPage.tsx", "TypeScript JSX", 0, 0, 0, 0, 0, 0, 0, 0, 78, 0, 0, 1, 8, 87
"c:\usman\projects\iot-platform-frontend\iot-platform-frontend\src\pages\SharingCenterPage.tsx", "TypeScript JSX", 0, 0, 0, 0, 0, 0, 0, 0, 456, 0, 0, 8, 24, 488
"c:\usman\projects\iot-platform-frontend\iot-platform-frontend\src\pages\SolutionTemplatesPage.tsx", "TypeScript JSX", 0, 0, 0, 0, 0, 0, 0, 0, 282, 0, 0, 19, 19, 320
"c:\usman\projects\iot-platform-frontend\iot-platform-frontend\src\pages\SubscriptionPlans.tsx", "TypeScript JSX", 0, 0, 0, 0, 0, 0, 0, 0, 555, 0, 0, 20, 43, 618
"c:\usman\projects\iot-platform-frontend\iot-platform-frontend\src\pages\Subscriptioninvoices.tsx", "TypeScript JSX", 0, 0, 0, 0, 0, 0, 0, 0, 222, 0, 0, 0, 9, 231
"c:\usman\projects\iot-platform-frontend\iot-platform-frontend\src\pages\TemplatePreviewPage.tsx", "TypeScript JSX", 0, 0, 0, 0, 0, 0, 0, 0, 365, 0, 0, 14, 16, 395
"c:\usman\projects\iot-platform-frontend\iot-platform-frontend\src\pages\TenantsPage.tsx", "TypeScript JSX", 0, 0, 0, 0, 0, 0, 0, 0, 0, 0, 0, 0, 1, 1
"c:\usman\projects\iot-platform-frontend\iot-platform-frontend\src\pages\UnauthorizedPage.tsx", "TypeScript JSX", 0, 0, 0, 0, 0, 0, 0, 0, 53, 0, 0, 0, 6, 59
"c:\usman\projects\iot-platform-frontend\iot-platform-frontend\src\pages\UsersAndRolesManagementPage.tsx", "TypeScript JSX", 0, 0, 0, 0, 0, 0, 0, 0, 107, 0, 0, 2, 10, 119
"c:\usman\projects\iot-platform-frontend\iot-platform-frontend\src\pages\UsersPage.tsx", "TypeScript JSX", 0, 0, 0, 0, 0, 0, 0, 0, 145, 0, 0, 2, 7, 154
"c:\usman\projects\iot-platform-frontend\iot-platform-frontend\src\pages\VerifyAccountPage.tsx", "TypeScript JSX", 0, 0, 0, 0, 0, 0, 0, 0, 15, 0, 0, 0, 4, 19
"c:\usman\projects\iot-platform-frontend\iot-platform-frontend\src\pages\WidgetConfigurationPage.tsx", "TypeScript JSX", 0, 0, 0, 0, 0, 0, 0, 0, 411, 0, 0, 15, 24, 450
"c:\usman\projects\iot-platform-frontend\iot-platform-frontend\src\pages\WidgetEditorPage.tsx", "TypeScript JSX", 0, 0, 0, 0, 0, 0, 0, 0, 105, 0, 0, 8, 15, 128
"c:\usman\projects\iot-platform-frontend\iot-platform-frontend\src\pages\WidgetsBundle.tsx", "TypeScript JSX", 0, 0, 0, 0, 0, 0, 0, 0, 109, 0, 0, 0, 9, 118
"c:\usman\projects\iot-platform-frontend\iot-platform-frontend\src\pages\WidgetsPage.tsx", "TypeScript JSX", 0, 0, 0, 0, 0, 0, 0, 0, 221, 0, 0, 17, 14, 252
"c:\usman\projects\iot-platform-frontend\iot-platform-frontend\src\routes\ConnectivityRoutes.tsx", "TypeScript JSX", 0, 0, 0, 0, 0, 0, 0, 0, 82, 0, 0, 2, 3, 87
"c:\usman\projects\iot-platform-frontend\iot-platform-frontend\src\routes\FeatureRoute.tsx", "TypeScript JSX", 0, 0, 0, 0, 0, 0, 0, 0, 20, 0, 0, 1, 5, 26
"c:\usman\projects\iot-platform-frontend\iot-platform-frontend\src\routes\InventoryRoutes.tsx", "TypeScript JSX", 0, 0, 0, 0, 0, 0, 0, 0, 82, 0, 0, 4, 3, 89
"c:\usman\projects\iot-platform-frontend\iot-platform-frontend\src\routes\MainDashboardRoutes.tsx", "TypeScript JSX", 0, 0, 0, 0, 0, 0, 0, 0, 144, 0, 0, 1, 3, 148
"c:\usman\projects\iot-platform-frontend\iot-platform-frontend\src\routes\ManagementRoutes.tsx", "TypeScript JSX", 0, 0, 0, 0, 0, 0, 0, 0, 180, 0, 0, 5, 9, 194
"c:\usman\projects\iot-platform-frontend\iot-platform-frontend\src\routes\ResourceRoutes.tsx", "TypeScript JSX", 0, 0, 0, 0, 0, 0, 0, 0, 51, 0, 0, 2, 2, 55
"c:\usman\projects\iot-platform-frontend\iot-platform-frontend\src\routes\RoleBasedRoute.tsx", "TypeScript JSX", 0, 0, 0, 0, 0, 0, 0, 0, 30, 0, 0, 1, 5, 36
"c:\usman\projects\iot-platform-frontend\iot-platform-frontend\src\routes\RouteGuards\ProtectedRoute.tsx", "TypeScript JSX", 0, 0, 0, 0, 0, 0, 0, 0, 40, 0, 0, 1, 3, 44
"c:\usman\projects\iot-platform-frontend\iot-platform-frontend\src\routes\RouteGuards\PublicRoute.tsx", "TypeScript JSX", 0, 0, 0, 0, 0, 0, 0, 0, 164, 0, 0, 3, 8, 175
"c:\usman\projects\iot-platform-frontend\iot-platform-frontend\src\routes\SolutionRoutes.tsx", "TypeScript JSX", 0, 0, 0, 0, 0, 0, 0, 0, 152, 0, 0, 4, 3, 159
"c:\usman\projects\iot-platform-frontend\iot-platform-frontend\src\routes\UtilityRoutes.tsx", "TypeScript JSX", 0, 0, 0, 0, 0, 0, 0, 0, 32, 0, 0, 1, 4, 37
"c:\usman\projects\iot-platform-frontend\iot-platform-frontend\src\services\api\alarms.api.ts", "TypeScript", 124, 0, 0, 0, 0, 0, 0, 0, 0, 0, 0, 15, 22, 161
"c:\usman\projects\iot-platform-frontend\iot-platform-frontend\src\services\api\analytics.api.ts", "TypeScript", 151, 0, 0, 0, 0, 0, 0, 0, 0, 0, 0, 13, 23, 187
"c:\usman\projects\iot-platform-frontend\iot-platform-frontend\src\services\api\api-monitoring.api.ts", "TypeScript", 91, 0, 0, 0, 0, 0, 0, 0, 0, 0, 0, 9, 16, 116
"c:\usman\projects\iot-platform-frontend\iot-platform-frontend\src\services\api\apiClient.ts", "TypeScript", 58, 0, 0, 0, 0, 0, 0, 0, 0, 0, 0, 3, 11, 72
"c:\usman\projects\iot-platform-frontend\iot-platform-frontend\src\services\api\assets.api.ts", "TypeScript", 84, 0, 0, 0, 0, 0, 0, 0, 0, 0, 0, 16, 21, 121
"c:\usman\projects\iot-platform-frontend\iot-platform-frontend\src\services\api\attributes.api.ts", "TypeScript", 118, 0, 0, 0, 0, 0, 0, 0, 0, 0, 0, 8, 14, 140
"c:\usman\projects\iot-platform-frontend\iot-platform-frontend\src\services\api\audit.api.ts", "TypeScript", 115, 0, 0, 0, 0, 0, 0, 0, 0, 0, 0, 8, 15, 138
"c:\usman\projects\iot-platform-frontend\iot-platform-frontend\src\services\api\automation.api.ts", "TypeScript", 94, 0, 0, 0, 0, 0, 0, 0, 0, 0, 0, 11, 19, 124
"c:\usman\projects\iot-platform-frontend\iot-platform-frontend\src\services\api\customers.api.ts", "TypeScript", 60, 0, 0, 0, 0, 0, 0, 0, 0, 0, 0, 13, 16, 89
"c:\usman\projects\iot-platform-frontend\iot-platform-frontend\src\services\api\dashboards.api.ts", "TypeScript", 112, 0, 0, 0, 0, 0, 0, 0, 0, 0, 0, 13, 17, 142
"c:\usman\projects\iot-platform-frontend\iot-platform-frontend\src\services\api\default-rule-chains.api.ts", "TypeScript", 57, 0, 0, 0, 0, 0, 0, 0, 0, 0, 0, 7, 12, 76
"c:\usman\projects\iot-platform-frontend\iot-platform-frontend\src\services\api\devices.api.ts", "TypeScript", 140, 0, 0, 0, 0, 0, 0, 0, 0, 0, 0, 21, 27, 188
"c:\usman\projects\iot-platform-frontend\iot-platform-frontend\src\services\api\endpoints.ts", "TypeScript", 0, 0, 0, 0, 0, 0, 0, 0, 0, 0, 0, 0, 1, 1
"c:\usman\projects\iot-platform-frontend\iot-platform-frontend\src\services\api\floor-plans.api.ts", "TypeScript", 192, 0, 0, 0, 0, 0, 0, 0, 0, 0, 0, 15, 27, 234
"c:\usman\projects\iot-platform-frontend\iot-platform-frontend\src\services\api\images.api.ts", "TypeScript", 84, 0, 0, 0, 0, 0, 0, 0, 0, 0, 0, 10, 15, 109
"c:\usman\projects\iot-platform-frontend\iot-platform-frontend\src\services\api\index.ts", "TypeScript", 85, 0, 0, 0, 0, 0, 0, 0, 0, 0, 0, 2, 5, 92
"c:\usman\projects\iot-platform-frontend\iot-platform-frontend\src\services\api\integrations.api.ts", "TypeScript", 98, 0, 0, 0, 0, 0, 0, 0, 0, 0, 0, 12, 19, 129
"c:\usman\projects\iot-platform-frontend\iot-platform-frontend\src\services\api\invitation.api.ts", "TypeScript", 30, 0, 0, 0, 0, 0, 0, 0, 0, 0, 0, 1, 7, 38
"c:\usman\projects\iot-platform-frontend\iot-platform-frontend\src\services\api\nodes.api.ts", "TypeScript", 77, 0, 0, 0, 0, 0, 0, 0, 0, 0, 0, 11, 18, 106
"c:\usman\projects\iot-platform-frontend\iot-platform-frontend\src\services\api\notifications.api.ts", "TypeScript", 154, 0, 0, 0, 0, 0, 0, 0, 0, 0, 0, 23, 28, 205
"c:\usman\projects\iot-platform-frontend\iot-platform-frontend\src\services\api\profiles.api.ts", "TypeScript", 151, 0, 0, 0, 0, 0, 0, 0, 0, 0, 0, 26, 29, 206
"c:\usman\projects\iot-platform-frontend\iot-platform-frontend\src\services\api\queues.api.ts", "TypeScript", 52, 0, 0, 0, 0, 0, 0, 0, 0, 0, 0, 6, 12, 70
"c:\usman\projects\iot-platform-frontend\iot-platform-frontend\src\services\api\rules-chain.api.ts", "TypeScript", 77, 0, 0, 0, 0, 0, 0, 0, 0, 0, 0, 11, 17, 105
"c:\usman\projects\iot-platform-frontend\iot-platform-frontend\src\services\api\schedules.api.ts", "TypeScript", 81, 0, 0, 0, 0, 0, 0, 0, 0, 0, 0, 11, 17, 109
"c:\usman\projects\iot-platform-frontend\iot-platform-frontend\src\services\api\scripts.api.ts", "TypeScript", 80, 0, 0, 0, 0, 0, 0, 0, 0, 0, 0, 12, 18, 110
"c:\usman\projects\iot-platform-frontend\iot-platform-frontend\src\services\api\sharing.api.ts", "TypeScript", 86, 0, 0, 0, 0, 0, 0, 0, 0, 0, 0, 13, 20, 119
"c:\usman\projects\iot-platform-frontend\iot-platform-frontend\src\services\api\tenants.api.ts", "TypeScript", 79, 0, 0, 0, 0, 0, 0, 0, 0, 0, 0, 12, 18, 109
"c:\usman\projects\iot-platform-frontend\iot-platform-frontend\src\services\api\users.api.ts", "TypeScript", 223, 0, 0, 0, 0, 0, 0, 0, 0, 0, 0, 43, 39, 305
"c:\usman\projects\iot-platform-frontend\iot-platform-frontend\src\services\api\widgets.api.ts", "TypeScript", 138, 0, 0, 0, 0, 0, 0, 0, 0, 0, 0, 24, 28, 190
"c:\usman\projects\iot-platform-frontend\iot-platform-frontend\src\services\storage\localStorage.ts", "TypeScript", 94, 0, 0, 0, 0, 0, 0, 0, 0, 0, 0, 8, 23, 125
"c:\usman\projects\iot-platform-frontend\iot-platform-frontend\src\services\websocket\wsClient.ts", "TypeScript", 120, 0, 0, 0, 0, 0, 0, 0, 0, 0, 0, 1, 20, 141
"c:\usman\projects\iot-platform-frontend\iot-platform-frontend\src\stores\useAppStore.ts", "TypeScript", 44, 0, 0, 0, 0, 0, 0, 0, 0, 0, 0, 7, 2, 53
"c:\usman\projects\iot-platform-frontend\iot-platform-frontend\src\stores\useNotificationStore.ts", "TypeScript", 61, 0, 0, 0, 0, 0, 0, 0, 0, 0, 0, 2, 11, 74
"c:\usman\projects\iot-platform-frontend\iot-platform-frontend\src\stores\useThemeStore.ts", "TypeScript", 96, 0, 0, 0, 0, 0, 0, 0, 0, 0, 0, 9, 13, 118
"c:\usman\projects\iot-platform-frontend\iot-platform-frontend\src\styles\globals.css", "CSS", 0, 0, 0, 0, 0, 0, 0, 0, 0, 364, 0, 0, 74, 438
"c:\usman\projects\iot-platform-frontend\iot-platform-frontend\src\test\README.md", "Markdown", 0, 0, 63, 0, 0, 0, 0, 0, 0, 0, 0, 0, 28, 91
"c:\usman\projects\iot-platform-frontend\iot-platform-frontend\src\test\setup.ts", "TypeScript", 41, 0, 0, 0, 0, 0, 0, 0, 0, 0, 0, 3, 7, 51
"c:\usman\projects\iot-platform-frontend\iot-platform-frontend\src\types\api.types.ts", "TypeScript", 32, 0, 0, 0, 0, 0, 0, 0, 0, 0, 0, 0, 5, 37
"c:\usman\projects\iot-platform-frontend\iot-platform-frontend\src\types\authentication.ts", "TypeScript", 81, 0, 0, 0, 0, 0, 0, 0, 0, 0, 0, 6, 8, 95
"c:\usman\projects\iot-platform-frontend\iot-platform-frontend\src\types\common.types.ts", "TypeScript", 32, 0, 0, 0, 0, 0, 0, 0, 0, 0, 0, 0, 8, 40
"c:\usman\projects\iot-platform-frontend\iot-platform-frontend\src\types\index.ts", "TypeScript", 3, 0, 0, 0, 0, 0, 0, 0, 0, 0, 0, 0, 0, 3
"c:\usman\projects\iot-platform-frontend\iot-platform-frontend\src\types\models.types.ts", "TypeScript", 45, 0, 0, 0, 0, 0, 0, 0, 0, 0, 0, 0, 3, 48
"c:\usman\projects\iot-platform-frontend\iot-platform-frontend\src\utils\constants\colors.ts", "TypeScript", 98, 0, 0, 0, 0, 0, 0, 0, 0, 0, 0, 11, 13, 122
"c:\usman\projects\iot-platform-frontend\iot-platform-frontend\src\utils\constants\roles.ts", "TypeScript", 87, 0, 0, 0, 0, 0, 0, 0, 0, 0, 0, 5, 11, 103
"c:\usman\projects\iot-platform-frontend\iot-platform-frontend\src\utils\constants\routes.ts", "TypeScript", 67, 0, 0, 0, 0, 0, 0, 0, 0, 0, 0, 5, 14, 86
"c:\usman\projects\iot-platform-frontend\iot-platform-frontend\src\utils\formatters\currencyFormatter.ts", "TypeScript", 29, 0, 0, 0, 0, 0, 0, 0, 0, 0, 0, 0, 6, 35
"c:\usman\projects\iot-platform-frontend\iot-platform-frontend\src\utils\formatters\dateFormatter.ts", "TypeScript", 53, 0, 0, 0, 0, 0, 0, 0, 0, 0, 0, 0, 8, 61
"c:\usman\projects\iot-platform-frontend\iot-platform-frontend\src\utils\formatters\numberFormatter.ts", "TypeScript", 48, 0, 0, 0, 0, 0, 0, 0, 0, 0, 0, 0, 11, 59
"c:\usman\projects\iot-platform-frontend\iot-platform-frontend\src\utils\helpers\Debounce.ts", "TypeScript", 13, 0, 0, 0, 0, 0, 0, 0, 0, 0, 0, 0, 4, 17
"c:\usman\projects\iot-platform-frontend\iot-platform-frontend\src\utils\helpers\SystemHelpers.ts", "TypeScript", 10, 0, 0, 0, 0, 0, 0, 0, 0, 0, 0, 0, 2, 12
"c:\usman\projects\iot-platform-frontend\iot-platform-frontend\src\utils\helpers\apiErrorHandler.ts", "TypeScript", 54, 0, 0, 0, 0, 0, 0, 0, 0, 0, 0, 0, 13, 67
"c:\usman\projects\iot-platform-frontend\iot-platform-frontend\src\utils\helpers\badgeHelpers.tsx", "TypeScript JSX", 0, 0, 0, 0, 0, 0, 0, 0, 34, 0, 0, 0, 3, 37
"c:\usman\projects\iot-platform-frontend\iot-platform-frontend\src\utils\helpers\logger.ts", "TypeScript", 63, 0, 0, 0, 0, 0, 0, 0, 0, 0, 0, 0, 15, 78
"c:\usman\projects\iot-platform-frontend\iot-platform-frontend\src\utils\helpers\permissions.ts", "TypeScript", 35, 0, 0, 0, 0, 0, 0, 0, 0, 0, 0, 0, 8, 43
"c:\usman\projects\iot-platform-frontend\iot-platform-frontend\src\utils\validators\deviceValidators.ts", "TypeScript", 37, 0, 0, 0, 0, 0, 0, 0, 0, 0, 0, 0, 9, 46
"c:\usman\projects\iot-platform-frontend\iot-platform-frontend\src\utils\validators\formValidators.ts", "TypeScript", 64, 0, 0, 0, 0, 0, 0, 0, 0, 0, 0, 0, 13, 77
"c:\usman\projects\iot-platform-frontend\iot-platform-frontend\src\vite-env.d.ts", "TypeScript", 9, 0, 0, 0, 0, 0, 0, 0, 0, 0, 0, 1, 2, 12
"c:\usman\projects\iot-platform-frontend\iot-platform-frontend\tsconfig.app.json", "JSON", 0, 27, 0, 0, 0, 0, 0, 0, 0, 0, 0, 0, 3, 30
"c:\usman\projects\iot-platform-frontend\iot-platform-frontend\tsconfig.json", "JSON with Comments", 0, 0, 0, 0, 32, 0, 0, 0, 0, 0, 0, 0, 1, 33
"c:\usman\projects\iot-platform-frontend\iot-platform-frontend\tsconfig.node.json", "JSON", 0, 26, 0, 0, 0, 0, 0, 0, 0, 0, 0, 0, 3, 29
"c:\usman\projects\iot-platform-frontend\iot-platform-frontend\tsconfig.tsbuildinfo", "JSON", 0, 1, 0, 0, 0, 0, 0, 0, 0, 0, 0, 0, 0, 1
"c:\usman\projects\iot-platform-frontend\iot-platform-frontend\vite.config.ts", "TypeScript", 36, 0, 0, 0, 0, 0, 0, 0, 0, 0, 0, 1, 1, 38
"c:\usman\projects\iot-platform-frontend\iot-platform-frontend\vitest.config.ts", "TypeScript", 43, 0, 0, 0, 0, 0, 0, 0, 0, 0, 0, 0, 2, 45
"Total", "-", 14740, 12908, 1527, 47, 32, 28, 8, 50, 45349, 364, 143, 2820, 6092, 84108